DROP TABLE TICKET;
DROP TABLE THEATER;
DROP TABLE SHOWING;
DROP TABLE SEAT;
DROP TABLE PAYMENT;
DROP TABLE MOVIE;
DROP TABLE CUSTOMER;
DROP TABLE ACCOUNT;

--------------------------------------------------------
--  파일이 생성됨 - 월요일-12월-10-2018   
--------------------------------------------------------
--------------------------------------------------------
--  DDL for Table ACCOUNT
--------------------------------------------------------

  CREATE TABLE "ACCOUNT" 
   (	"ACCOUNT_ID" VARCHAR2(20), 
	"ACCOUNT_PW" VARCHAR2(20), 
	"ACCOUNT_NAME" VARCHAR2(20), 
	"ACCOUNT_TEL" VARCHAR2(15), 
	"MANAGER_EMAIL" VARCHAR2(30), 
	"MEMBER_BIRTH" DATE, 
	"MEMBER_MILEAGE" NUMBER, 
	"ACCOUNT_IS_ADMIN" CHAR(1) DEFAULT 'N'
   );
--------------------------------------------------------
--  DDL for Table CUSTOMER
--------------------------------------------------------

  CREATE TABLE "CUSTOMER" 
   (	"ID" NUMBER, 
	"NAME" VARCHAR2(255), 
	"PHONE" VARCHAR2(255), 
	"GENDER" VARCHAR2(255), 
	"AGE" VARCHAR2(255), 
	"NOTE" VARCHAR2(255)
   );
--------------------------------------------------------
--  DDL for Table MOVIE
--------------------------------------------------------

  CREATE TABLE "MOVIE" 
   (	"MOVIE_TITLE" VARCHAR2(100), 
	"MOVIE_POSTER_PATH" VARCHAR2(200), 
	"MOVIE_RATING" VARCHAR2(10), 
	"MOVIE_OPEN_DATE" DATE, 
	"MOVIE_CLOSE_DATE" DATE, 
	"MOVIE_DIRECTOR_NAME" VARCHAR2(20), 
	"MOVIE_CAST_NAMES" VARCHAR2(100), 
	"MOVIE_GENRE" VARCHAR2(20), 
	"MOVIE_PLAY_TIME" VARCHAR2(20), 
	"MOVIE_STORYLINE" VARCHAR2(1000)
   );
--------------------------------------------------------
--  DDL for Table PAYMENT
--------------------------------------------------------

  CREATE TABLE "PAYMENT" 
   (	"PAYMENT_CODE" NUMBER, 
	"ACCOUNT_ID" VARCHAR2(20), 
	"PAYMENT_DATE_TIME" DATE DEFAULT SYSDATE, 
	"PAYMENT_METHOD" VARCHAR2(20), 
	"PAYMENT_USED_MILEAGE" NUMBER DEFAULT 0
   );
--------------------------------------------------------
--  DDL for Table SEAT
--------------------------------------------------------

  CREATE TABLE "SEAT" 
   (	"SEAT_CODE" NUMBER, 
	"THEATER_NAME" VARCHAR2(20), 
	"SEAT_NUMBER" VARCHAR2(5), 
	"SEAT_IS_RESERVED" CHAR(1) DEFAULT 'N'
   );
--------------------------------------------------------
--  DDL for Table SHOWING
--------------------------------------------------------

  CREATE TABLE "SHOWING" 
   (	"SHOWING_CODE" NUMBER, 
	"MOVIE_TITLE" VARCHAR2(100), 
	"SHOWING_DATE_TIME" DATE, 
	"THEATER_NAME" VARCHAR2(20)
   );
--------------------------------------------------------
--  DDL for Table THEATER
--------------------------------------------------------

  CREATE TABLE "THEATER" 
   (	"THEATER_NAME" VARCHAR2(20), 
	"THEATER_SEATING_CHART_TYPE" NUMBER
   );
--------------------------------------------------------
--  DDL for Table TICKET
--------------------------------------------------------

  CREATE TABLE "TICKET" 
   (	"TICKET_CODE" NUMBER, 
	"PAYMENT_CODE" NUMBER, 
	"SHOWING_CODE" NUMBER, 
	"SEAT_CODE" NUMBER, 
	"TICKET_PRICE" NUMBER
   );
REM INSERTING into ACCOUNT
SET DEFINE OFF;
Insert into ACCOUNT (ACCOUNT_ID,ACCOUNT_PW,ACCOUNT_NAME,ACCOUNT_TEL,MANAGER_EMAIL,MEMBER_BIRTH,MEMBER_MILEAGE,ACCOUNT_IS_ADMIN) values ('admin','qwer','최정우','010-9132-1260','cjw3402@naver.com',null,null,'Y');
Insert into ACCOUNT (ACCOUNT_ID,ACCOUNT_PW,ACCOUNT_NAME,ACCOUNT_TEL,MANAGER_EMAIL,MEMBER_BIRTH,MEMBER_MILEAGE,ACCOUNT_IS_ADMIN) values ('admin2','qwer','김개똥','010-5234-2152','sadf@naver.com',null,null,'Y');
Insert into ACCOUNT (ACCOUNT_ID,ACCOUNT_PW,ACCOUNT_NAME,ACCOUNT_TEL,MANAGER_EMAIL,MEMBER_BIRTH,MEMBER_MILEAGE,ACCOUNT_IS_ADMIN) values ('minji','qwer','민지','010-1234-2222',null,to_date('94/01/04','RR/MM/DD'),230,'N');
Insert into ACCOUNT (ACCOUNT_ID,ACCOUNT_PW,ACCOUNT_NAME,ACCOUNT_TEL,MANAGER_EMAIL,MEMBER_BIRTH,MEMBER_MILEAGE,ACCOUNT_IS_ADMIN) values ('hansu','qwer','한수','010-5421-2432',null,to_date('01/04/22','RR/MM/DD'),5670,'N');
Insert into ACCOUNT (ACCOUNT_ID,ACCOUNT_PW,ACCOUNT_NAME,ACCOUNT_TEL,MANAGER_EMAIL,MEMBER_BIRTH,MEMBER_MILEAGE,ACCOUNT_IS_ADMIN) values ('soran','qwer','정소란','010-1231-2442',null,to_date('99/10/22','RR/MM/DD'),4230,'N');
REM INSERTING into CUSTOMER
SET DEFINE OFF;
Insert into CUSTOMER (ID,NAME,PHONE,GENDER,AGE,NOTE) values (1,'Danny','123456789','Male','23','Random Note....');
REM INSERTING into MOVIE
SET DEFINE OFF;
Insert into MOVIE (MOVIE_TITLE,MOVIE_POSTER_PATH,MOVIE_RATING,MOVIE_OPEN_DATE,MOVIE_CLOSE_DATE,MOVIE_DIRECTOR_NAME,MOVIE_CAST_NAMES,MOVIE_GENRE,MOVIE_PLAY_TIME,MOVIE_STORYLINE) values ('movie1',null,'R-15',to_date('18/06/22','RR/MM/DD'),to_date('18/12/28','RR/MM/DD'),null,null,'액션','128분','movie1 줄거리');
Insert into MOVIE (MOVIE_TITLE,MOVIE_POSTER_PATH,MOVIE_RATING,MOVIE_OPEN_DATE,MOVIE_CLOSE_DATE,MOVIE_DIRECTOR_NAME,MOVIE_CAST_NAMES,MOVIE_GENRE,MOVIE_PLAY_TIME,MOVIE_STORYLINE) values ('movie2',null,'R-12',to_date('18/06/23','RR/MM/DD'),to_date('18/12/29','RR/MM/DD'),null,null,'드라마','121분','movie2 줄거리');
Insert into MOVIE (MOVIE_TITLE,MOVIE_POSTER_PATH,MOVIE_RATING,MOVIE_OPEN_DATE,MOVIE_CLOSE_DATE,MOVIE_DIRECTOR_NAME,MOVIE_CAST_NAMES,MOVIE_GENRE,MOVIE_PLAY_TIME,MOVIE_STORYLINE) values ('movie3',null,'R-12',to_date('18/06/24','RR/MM/DD'),to_date('18/12/30','RR/MM/DD'),null,null,'액션','95분','movie3 줄거리');
Insert into MOVIE (MOVIE_TITLE,MOVIE_POSTER_PATH,MOVIE_RATING,MOVIE_OPEN_DATE,MOVIE_CLOSE_DATE,MOVIE_DIRECTOR_NAME,MOVIE_CAST_NAMES,MOVIE_GENRE,MOVIE_PLAY_TIME,MOVIE_STORYLINE) values ('movie4',null,'All',to_date('18/06/25','RR/MM/DD'),to_date('18/12/31','RR/MM/DD'),null,null,'드라마','109분','movie4 줄거리');
REM INSERTING into PAYMENT
SET DEFINE OFF;
Insert into PAYMENT (PAYMENT_CODE,ACCOUNT_ID,PAYMENT_DATE_TIME,PAYMENT_METHOD,PAYMENT_USED_MILEAGE) values (1,'minji',to_date('18/12/03','RR/MM/DD'),'신용카드',2000);
Insert into PAYMENT (PAYMENT_CODE,ACCOUNT_ID,PAYMENT_DATE_TIME,PAYMENT_METHOD,PAYMENT_USED_MILEAGE) values (2,'minji',to_date('18/11/24','RR/MM/DD'),'신용카드',0);
Insert into PAYMENT (PAYMENT_CODE,ACCOUNT_ID,PAYMENT_DATE_TIME,PAYMENT_METHOD,PAYMENT_USED_MILEAGE) values (3,'minji',to_date('18/11/05','RR/MM/DD'),'무통장입금',0);
Insert into PAYMENT (PAYMENT_CODE,ACCOUNT_ID,PAYMENT_DATE_TIME,PAYMENT_METHOD,PAYMENT_USED_MILEAGE) values (4,'hansu',to_date('18/12/01','RR/MM/DD'),'신용카드',0);
Insert into PAYMENT (PAYMENT_CODE,ACCOUNT_ID,PAYMENT_DATE_TIME,PAYMENT_METHOD,PAYMENT_USED_MILEAGE) values (5,'hansu',to_date('18/10/04','RR/MM/DD'),'신용카드',1000);
Insert into PAYMENT (PAYMENT_CODE,ACCOUNT_ID,PAYMENT_DATE_TIME,PAYMENT_METHOD,PAYMENT_USED_MILEAGE) values (6,'soran',to_date('18/08/29','RR/MM/DD'),'무통장입금',0);
REM INSERTING into SEAT
SET DEFINE OFF;
Insert into SEAT (SEAT_CODE,THEATER_NAME,SEAT_NUMBER,SEAT_IS_RESERVED) values (290,'2층 2관','G-1','N');
Insert into SEAT (SEAT_CODE,THEATER_NAME,SEAT_NUMBER,SEAT_IS_RESERVED) values (291,'3층 4관','G-1','N');
Insert into SEAT (SEAT_CODE,THEATER_NAME,SEAT_NUMBER,SEAT_IS_RESERVED) values (292,'2층 1관','G-2','N');
Insert into SEAT (SEAT_CODE,THEATER_NAME,SEAT_NUMBER,SEAT_IS_RESERVED) values (293,'2층 2관','G-2','N');
Insert into SEAT (SEAT_CODE,THEATER_NAME,SEAT_NUMBER,SEAT_IS_RESERVED) values (294,'3층 4관','G-2','N');
Insert into SEAT (SEAT_CODE,THEATER_NAME,SEAT_NUMBER,SEAT_IS_RESERVED) values (295,'2층 1관','G-3','N');
Insert into SEAT (SEAT_CODE,THEATER_NAME,SEAT_NUMBER,SEAT_IS_RESERVED) values (296,'2층 2관','G-3','N');
Insert into SEAT (SEAT_CODE,THEATER_NAME,SEAT_NUMBER,SEAT_IS_RESERVED) values (297,'3층 4관','G-3','N');
Insert into SEAT (SEAT_CODE,THEATER_NAME,SEAT_NUMBER,SEAT_IS_RESERVED) values (298,'2층 1관','G-4','N');
Insert into SEAT (SEAT_CODE,THEATER_NAME,SEAT_NUMBER,SEAT_IS_RESERVED) values (299,'2층 2관','G-4','N');
Insert into SEAT (SEAT_CODE,THEATER_NAME,SEAT_NUMBER,SEAT_IS_RESERVED) values (300,'3층 4관','G-4','N');
Insert into SEAT (SEAT_CODE,THEATER_NAME,SEAT_NUMBER,SEAT_IS_RESERVED) values (301,'2층 1관','G-5','N');
Insert into SEAT (SEAT_CODE,THEATER_NAME,SEAT_NUMBER,SEAT_IS_RESERVED) values (302,'2층 2관','G-5','N');
Insert into SEAT (SEAT_CODE,THEATER_NAME,SEAT_NUMBER,SEAT_IS_RESERVED) values (303,'3층 4관','G-5','N');
Insert into SEAT (SEAT_CODE,THEATER_NAME,SEAT_NUMBER,SEAT_IS_RESERVED) values (304,'2층 1관','G-6','N');
Insert into SEAT (SEAT_CODE,THEATER_NAME,SEAT_NUMBER,SEAT_IS_RESERVED) values (305,'2층 2관','G-6','N');
Insert into SEAT (SEAT_CODE,THEATER_NAME,SEAT_NUMBER,SEAT_IS_RESERVED) values (306,'3층 4관','G-6','N');
Insert into SEAT (SEAT_CODE,THEATER_NAME,SEAT_NUMBER,SEAT_IS_RESERVED) values (307,'2층 1관','G-7','N');
Insert into SEAT (SEAT_CODE,THEATER_NAME,SEAT_NUMBER,SEAT_IS_RESERVED) values (308,'2층 2관','G-7','N');
Insert into SEAT (SEAT_CODE,THEATER_NAME,SEAT_NUMBER,SEAT_IS_RESERVED) values (309,'3층 4관','G-7','N');
Insert into SEAT (SEAT_CODE,THEATER_NAME,SEAT_NUMBER,SEAT_IS_RESERVED) values (310,'2층 1관','G-8','N');
Insert into SEAT (SEAT_CODE,THEATER_NAME,SEAT_NUMBER,SEAT_IS_RESERVED) values (311,'2층 2관','G-8','N');
Insert into SEAT (SEAT_CODE,THEATER_NAME,SEAT_NUMBER,SEAT_IS_RESERVED) values (312,'3층 4관','G-8','N');
Insert into SEAT (SEAT_CODE,THEATER_NAME,SEAT_NUMBER,SEAT_IS_RESERVED) values (313,'2층 1관','G-9','N');
Insert into SEAT (SEAT_CODE,THEATER_NAME,SEAT_NUMBER,SEAT_IS_RESERVED) values (314,'2층 2관','G-9','N');
Insert into SEAT (SEAT_CODE,THEATER_NAME,SEAT_NUMBER,SEAT_IS_RESERVED) values (315,'3층 4관','G-9','N');
Insert into SEAT (SEAT_CODE,THEATER_NAME,SEAT_NUMBER,SEAT_IS_RESERVED) values (316,'2층 1관','G-10','N');
Insert into SEAT (SEAT_CODE,THEATER_NAME,SEAT_NUMBER,SEAT_IS_RESERVED) values (317,'2층 2관','G-10','N');
Insert into SEAT (SEAT_CODE,THEATER_NAME,SEAT_NUMBER,SEAT_IS_RESERVED) values (318,'3층 4관','G-10','N');
Insert into SEAT (SEAT_CODE,THEATER_NAME,SEAT_NUMBER,SEAT_IS_RESERVED) values (319,'2층 1관','G-11','N');
Insert into SEAT (SEAT_CODE,THEATER_NAME,SEAT_NUMBER,SEAT_IS_RESERVED) values (320,'2층 2관','G-11','N');
Insert into SEAT (SEAT_CODE,THEATER_NAME,SEAT_NUMBER,SEAT_IS_RESERVED) values (321,'3층 4관','G-11','N');
Insert into SEAT (SEAT_CODE,THEATER_NAME,SEAT_NUMBER,SEAT_IS_RESERVED) values (322,'2층 1관','G-12','N');
Insert into SEAT (SEAT_CODE,THEATER_NAME,SEAT_NUMBER,SEAT_IS_RESERVED) values (323,'2층 2관','G-12','N');
Insert into SEAT (SEAT_CODE,THEATER_NAME,SEAT_NUMBER,SEAT_IS_RESERVED) values (324,'3층 4관','G-12','N');
Insert into SEAT (SEAT_CODE,THEATER_NAME,SEAT_NUMBER,SEAT_IS_RESERVED) values (325,'2층 1관','G-13','N');
Insert into SEAT (SEAT_CODE,THEATER_NAME,SEAT_NUMBER,SEAT_IS_RESERVED) values (326,'2층 2관','G-13','N');
Insert into SEAT (SEAT_CODE,THEATER_NAME,SEAT_NUMBER,SEAT_IS_RESERVED) values (327,'3층 4관','G-13','N');
Insert into SEAT (SEAT_CODE,THEATER_NAME,SEAT_NUMBER,SEAT_IS_RESERVED) values (328,'2층 1관','G-14','N');
Insert into SEAT (SEAT_CODE,THEATER_NAME,SEAT_NUMBER,SEAT_IS_RESERVED) values (329,'2층 2관','G-14','N');
Insert into SEAT (SEAT_CODE,THEATER_NAME,SEAT_NUMBER,SEAT_IS_RESERVED) values (330,'3층 4관','G-14','N');
Insert into SEAT (SEAT_CODE,THEATER_NAME,SEAT_NUMBER,SEAT_IS_RESERVED) values (331,'2층 1관','G-15','N');
Insert into SEAT (SEAT_CODE,THEATER_NAME,SEAT_NUMBER,SEAT_IS_RESERVED) values (332,'2층 2관','G-15','N');
Insert into SEAT (SEAT_CODE,THEATER_NAME,SEAT_NUMBER,SEAT_IS_RESERVED) values (333,'3층 4관','G-15','N');
Insert into SEAT (SEAT_CODE,THEATER_NAME,SEAT_NUMBER,SEAT_IS_RESERVED) values (334,'2층 1관','G-16','N');
Insert into SEAT (SEAT_CODE,THEATER_NAME,SEAT_NUMBER,SEAT_IS_RESERVED) values (335,'2층 2관','G-16','N');
Insert into SEAT (SEAT_CODE,THEATER_NAME,SEAT_NUMBER,SEAT_IS_RESERVED) values (336,'3층 4관','G-16','N');
Insert into SEAT (SEAT_CODE,THEATER_NAME,SEAT_NUMBER,SEAT_IS_RESERVED) values (337,'2층 1관','H-1','N');
Insert into SEAT (SEAT_CODE,THEATER_NAME,SEAT_NUMBER,SEAT_IS_RESERVED) values (338,'2층 2관','H-1','N');
Insert into SEAT (SEAT_CODE,THEATER_NAME,SEAT_NUMBER,SEAT_IS_RESERVED) values (339,'3층 4관','H-1','N');
Insert into SEAT (SEAT_CODE,THEATER_NAME,SEAT_NUMBER,SEAT_IS_RESERVED) values (340,'2층 1관','H-2','N');
Insert into SEAT (SEAT_CODE,THEATER_NAME,SEAT_NUMBER,SEAT_IS_RESERVED) values (341,'2층 2관','H-2','N');
Insert into SEAT (SEAT_CODE,THEATER_NAME,SEAT_NUMBER,SEAT_IS_RESERVED) values (342,'3층 4관','H-2','N');
Insert into SEAT (SEAT_CODE,THEATER_NAME,SEAT_NUMBER,SEAT_IS_RESERVED) values (343,'2층 1관','H-3','N');
Insert into SEAT (SEAT_CODE,THEATER_NAME,SEAT_NUMBER,SEAT_IS_RESERVED) values (344,'2층 2관','H-3','N');
Insert into SEAT (SEAT_CODE,THEATER_NAME,SEAT_NUMBER,SEAT_IS_RESERVED) values (345,'3층 4관','H-3','N');
Insert into SEAT (SEAT_CODE,THEATER_NAME,SEAT_NUMBER,SEAT_IS_RESERVED) values (346,'2층 1관','H-4','N');
Insert into SEAT (SEAT_CODE,THEATER_NAME,SEAT_NUMBER,SEAT_IS_RESERVED) values (347,'2층 2관','H-4','N');
Insert into SEAT (SEAT_CODE,THEATER_NAME,SEAT_NUMBER,SEAT_IS_RESERVED) values (348,'3층 4관','H-4','N');
Insert into SEAT (SEAT_CODE,THEATER_NAME,SEAT_NUMBER,SEAT_IS_RESERVED) values (349,'2층 1관','H-5','N');
Insert into SEAT (SEAT_CODE,THEATER_NAME,SEAT_NUMBER,SEAT_IS_RESERVED) values (350,'2층 2관','H-5','N');
Insert into SEAT (SEAT_CODE,THEATER_NAME,SEAT_NUMBER,SEAT_IS_RESERVED) values (351,'3층 4관','H-5','N');
Insert into SEAT (SEAT_CODE,THEATER_NAME,SEAT_NUMBER,SEAT_IS_RESERVED) values (352,'2층 1관','H-6','N');
Insert into SEAT (SEAT_CODE,THEATER_NAME,SEAT_NUMBER,SEAT_IS_RESERVED) values (353,'2층 2관','H-6','N');
Insert into SEAT (SEAT_CODE,THEATER_NAME,SEAT_NUMBER,SEAT_IS_RESERVED) values (354,'3층 4관','H-6','N');
Insert into SEAT (SEAT_CODE,THEATER_NAME,SEAT_NUMBER,SEAT_IS_RESERVED) values (355,'2층 1관','H-7','N');
Insert into SEAT (SEAT_CODE,THEATER_NAME,SEAT_NUMBER,SEAT_IS_RESERVED) values (356,'2층 2관','H-7','N');
Insert into SEAT (SEAT_CODE,THEATER_NAME,SEAT_NUMBER,SEAT_IS_RESERVED) values (357,'3층 4관','H-7','N');
Insert into SEAT (SEAT_CODE,THEATER_NAME,SEAT_NUMBER,SEAT_IS_RESERVED) values (358,'2층 1관','H-8','N');
Insert into SEAT (SEAT_CODE,THEATER_NAME,SEAT_NUMBER,SEAT_IS_RESERVED) values (359,'2층 2관','H-8','N');
Insert into SEAT (SEAT_CODE,THEATER_NAME,SEAT_NUMBER,SEAT_IS_RESERVED) values (360,'3층 4관','H-8','N');
Insert into SEAT (SEAT_CODE,THEATER_NAME,SEAT_NUMBER,SEAT_IS_RESERVED) values (361,'2층 1관','H-9','N');
Insert into SEAT (SEAT_CODE,THEATER_NAME,SEAT_NUMBER,SEAT_IS_RESERVED) values (362,'2층 2관','H-9','N');
Insert into SEAT (SEAT_CODE,THEATER_NAME,SEAT_NUMBER,SEAT_IS_RESERVED) values (363,'3층 4관','H-9','N');
Insert into SEAT (SEAT_CODE,THEATER_NAME,SEAT_NUMBER,SEAT_IS_RESERVED) values (364,'2층 1관','H-10','N');
Insert into SEAT (SEAT_CODE,THEATER_NAME,SEAT_NUMBER,SEAT_IS_RESERVED) values (365,'2층 2관','H-10','N');
Insert into SEAT (SEAT_CODE,THEATER_NAME,SEAT_NUMBER,SEAT_IS_RESERVED) values (366,'3층 4관','H-10','N');
Insert into SEAT (SEAT_CODE,THEATER_NAME,SEAT_NUMBER,SEAT_IS_RESERVED) values (367,'2층 1관','H-11','N');
Insert into SEAT (SEAT_CODE,THEATER_NAME,SEAT_NUMBER,SEAT_IS_RESERVED) values (368,'2층 2관','H-11','N');
Insert into SEAT (SEAT_CODE,THEATER_NAME,SEAT_NUMBER,SEAT_IS_RESERVED) values (369,'3층 4관','H-11','N');
Insert into SEAT (SEAT_CODE,THEATER_NAME,SEAT_NUMBER,SEAT_IS_RESERVED) values (370,'2층 1관','H-12','N');
Insert into SEAT (SEAT_CODE,THEATER_NAME,SEAT_NUMBER,SEAT_IS_RESERVED) values (371,'2층 2관','H-12','N');
Insert into SEAT (SEAT_CODE,THEATER_NAME,SEAT_NUMBER,SEAT_IS_RESERVED) values (372,'3층 4관','H-12','N');
Insert into SEAT (SEAT_CODE,THEATER_NAME,SEAT_NUMBER,SEAT_IS_RESERVED) values (373,'2층 1관','H-13','N');
Insert into SEAT (SEAT_CODE,THEATER_NAME,SEAT_NUMBER,SEAT_IS_RESERVED) values (374,'2층 2관','H-13','N');
Insert into SEAT (SEAT_CODE,THEATER_NAME,SEAT_NUMBER,SEAT_IS_RESERVED) values (375,'3층 4관','H-13','N');
Insert into SEAT (SEAT_CODE,THEATER_NAME,SEAT_NUMBER,SEAT_IS_RESERVED) values (376,'2층 1관','H-14','N');
Insert into SEAT (SEAT_CODE,THEATER_NAME,SEAT_NUMBER,SEAT_IS_RESERVED) values (377,'2층 2관','H-14','N');
Insert into SEAT (SEAT_CODE,THEATER_NAME,SEAT_NUMBER,SEAT_IS_RESERVED) values (378,'3층 4관','H-14','N');
Insert into SEAT (SEAT_CODE,THEATER_NAME,SEAT_NUMBER,SEAT_IS_RESERVED) values (379,'2층 1관','H-15','N');
Insert into SEAT (SEAT_CODE,THEATER_NAME,SEAT_NUMBER,SEAT_IS_RESERVED) values (380,'2층 2관','H-15','N');
Insert into SEAT (SEAT_CODE,THEATER_NAME,SEAT_NUMBER,SEAT_IS_RESERVED) values (381,'3층 4관','H-15','N');
Insert into SEAT (SEAT_CODE,THEATER_NAME,SEAT_NUMBER,SEAT_IS_RESERVED) values (382,'2층 1관','H-16','N');
Insert into SEAT (SEAT_CODE,THEATER_NAME,SEAT_NUMBER,SEAT_IS_RESERVED) values (383,'2층 2관','H-16','N');
Insert into SEAT (SEAT_CODE,THEATER_NAME,SEAT_NUMBER,SEAT_IS_RESERVED) values (384,'3층 4관','H-16','N');
Insert into SEAT (SEAT_CODE,THEATER_NAME,SEAT_NUMBER,SEAT_IS_RESERVED) values (385,'2층 1관','I-1','N');
Insert into SEAT (SEAT_CODE,THEATER_NAME,SEAT_NUMBER,SEAT_IS_RESERVED) values (386,'2층 2관','I-1','N');
Insert into SEAT (SEAT_CODE,THEATER_NAME,SEAT_NUMBER,SEAT_IS_RESERVED) values (387,'3층 4관','I-1','N');
Insert into SEAT (SEAT_CODE,THEATER_NAME,SEAT_NUMBER,SEAT_IS_RESERVED) values (388,'2층 1관','I-2','N');
Insert into SEAT (SEAT_CODE,THEATER_NAME,SEAT_NUMBER,SEAT_IS_RESERVED) values (389,'2층 2관','I-2','N');
Insert into SEAT (SEAT_CODE,THEATER_NAME,SEAT_NUMBER,SEAT_IS_RESERVED) values (390,'3층 4관','I-2','N');
Insert into SEAT (SEAT_CODE,THEATER_NAME,SEAT_NUMBER,SEAT_IS_RESERVED) values (391,'2층 1관','I-3','N');
Insert into SEAT (SEAT_CODE,THEATER_NAME,SEAT_NUMBER,SEAT_IS_RESERVED) values (392,'2층 2관','I-3','N');
Insert into SEAT (SEAT_CODE,THEATER_NAME,SEAT_NUMBER,SEAT_IS_RESERVED) values (393,'3층 4관','I-3','N');
Insert into SEAT (SEAT_CODE,THEATER_NAME,SEAT_NUMBER,SEAT_IS_RESERVED) values (394,'2층 1관','I-4','N');
Insert into SEAT (SEAT_CODE,THEATER_NAME,SEAT_NUMBER,SEAT_IS_RESERVED) values (395,'2층 2관','I-4','N');
Insert into SEAT (SEAT_CODE,THEATER_NAME,SEAT_NUMBER,SEAT_IS_RESERVED) values (396,'3층 4관','I-4','N');
Insert into SEAT (SEAT_CODE,THEATER_NAME,SEAT_NUMBER,SEAT_IS_RESERVED) values (397,'2층 1관','I-5','N');
Insert into SEAT (SEAT_CODE,THEATER_NAME,SEAT_NUMBER,SEAT_IS_RESERVED) values (398,'2층 2관','I-5','N');
Insert into SEAT (SEAT_CODE,THEATER_NAME,SEAT_NUMBER,SEAT_IS_RESERVED) values (399,'3층 4관','I-5','N');
Insert into SEAT (SEAT_CODE,THEATER_NAME,SEAT_NUMBER,SEAT_IS_RESERVED) values (400,'2층 1관','I-6','N');
Insert into SEAT (SEAT_CODE,THEATER_NAME,SEAT_NUMBER,SEAT_IS_RESERVED) values (401,'2층 2관','I-6','N');
Insert into SEAT (SEAT_CODE,THEATER_NAME,SEAT_NUMBER,SEAT_IS_RESERVED) values (402,'3층 4관','I-6','N');
Insert into SEAT (SEAT_CODE,THEATER_NAME,SEAT_NUMBER,SEAT_IS_RESERVED) values (403,'2층 1관','I-7','N');
Insert into SEAT (SEAT_CODE,THEATER_NAME,SEAT_NUMBER,SEAT_IS_RESERVED) values (404,'2층 2관','I-7','N');
Insert into SEAT (SEAT_CODE,THEATER_NAME,SEAT_NUMBER,SEAT_IS_RESERVED) values (405,'3층 4관','I-7','N');
Insert into SEAT (SEAT_CODE,THEATER_NAME,SEAT_NUMBER,SEAT_IS_RESERVED) values (406,'2층 1관','I-8','N');
Insert into SEAT (SEAT_CODE,THEATER_NAME,SEAT_NUMBER,SEAT_IS_RESERVED) values (407,'2층 2관','I-8','N');
Insert into SEAT (SEAT_CODE,THEATER_NAME,SEAT_NUMBER,SEAT_IS_RESERVED) values (408,'3층 4관','I-8','N');
Insert into SEAT (SEAT_CODE,THEATER_NAME,SEAT_NUMBER,SEAT_IS_RESERVED) values (409,'2층 1관','I-9','N');
Insert into SEAT (SEAT_CODE,THEATER_NAME,SEAT_NUMBER,SEAT_IS_RESERVED) values (410,'2층 2관','I-9','N');
Insert into SEAT (SEAT_CODE,THEATER_NAME,SEAT_NUMBER,SEAT_IS_RESERVED) values (411,'3층 4관','I-9','N');
Insert into SEAT (SEAT_CODE,THEATER_NAME,SEAT_NUMBER,SEAT_IS_RESERVED) values (412,'2층 1관','I-10','N');
Insert into SEAT (SEAT_CODE,THEATER_NAME,SEAT_NUMBER,SEAT_IS_RESERVED) values (413,'2층 2관','I-10','N');
Insert into SEAT (SEAT_CODE,THEATER_NAME,SEAT_NUMBER,SEAT_IS_RESERVED) values (414,'3층 4관','I-10','N');
Insert into SEAT (SEAT_CODE,THEATER_NAME,SEAT_NUMBER,SEAT_IS_RESERVED) values (415,'2층 1관','I-11','N');
Insert into SEAT (SEAT_CODE,THEATER_NAME,SEAT_NUMBER,SEAT_IS_RESERVED) values (416,'2층 2관','I-11','N');
Insert into SEAT (SEAT_CODE,THEATER_NAME,SEAT_NUMBER,SEAT_IS_RESERVED) values (417,'3층 4관','I-11','N');
Insert into SEAT (SEAT_CODE,THEATER_NAME,SEAT_NUMBER,SEAT_IS_RESERVED) values (418,'2층 1관','I-12','N');
Insert into SEAT (SEAT_CODE,THEATER_NAME,SEAT_NUMBER,SEAT_IS_RESERVED) values (419,'2층 2관','I-12','N');
Insert into SEAT (SEAT_CODE,THEATER_NAME,SEAT_NUMBER,SEAT_IS_RESERVED) values (420,'3층 4관','I-12','N');
Insert into SEAT (SEAT_CODE,THEATER_NAME,SEAT_NUMBER,SEAT_IS_RESERVED) values (421,'2층 1관','I-13','N');
Insert into SEAT (SEAT_CODE,THEATER_NAME,SEAT_NUMBER,SEAT_IS_RESERVED) values (422,'2층 2관','I-13','N');
Insert into SEAT (SEAT_CODE,THEATER_NAME,SEAT_NUMBER,SEAT_IS_RESERVED) values (423,'3층 4관','I-13','N');
Insert into SEAT (SEAT_CODE,THEATER_NAME,SEAT_NUMBER,SEAT_IS_RESERVED) values (424,'2층 1관','I-14','N');
Insert into SEAT (SEAT_CODE,THEATER_NAME,SEAT_NUMBER,SEAT_IS_RESERVED) values (425,'2층 2관','I-14','N');
Insert into SEAT (SEAT_CODE,THEATER_NAME,SEAT_NUMBER,SEAT_IS_RESERVED) values (426,'3층 4관','I-14','N');
Insert into SEAT (SEAT_CODE,THEATER_NAME,SEAT_NUMBER,SEAT_IS_RESERVED) values (427,'2층 1관','I-15','N');
Insert into SEAT (SEAT_CODE,THEATER_NAME,SEAT_NUMBER,SEAT_IS_RESERVED) values (428,'2층 2관','I-15','N');
Insert into SEAT (SEAT_CODE,THEATER_NAME,SEAT_NUMBER,SEAT_IS_RESERVED) values (429,'3층 4관','I-15','N');
Insert into SEAT (SEAT_CODE,THEATER_NAME,SEAT_NUMBER,SEAT_IS_RESERVED) values (430,'2층 1관','I-16','N');
Insert into SEAT (SEAT_CODE,THEATER_NAME,SEAT_NUMBER,SEAT_IS_RESERVED) values (431,'2층 2관','I-16','N');
Insert into SEAT (SEAT_CODE,THEATER_NAME,SEAT_NUMBER,SEAT_IS_RESERVED) values (432,'3층 4관','I-16','N');
Insert into SEAT (SEAT_CODE,THEATER_NAME,SEAT_NUMBER,SEAT_IS_RESERVED) values (433,'2층 1관','J-1','N');
Insert into SEAT (SEAT_CODE,THEATER_NAME,SEAT_NUMBER,SEAT_IS_RESERVED) values (434,'2층 2관','J-1','N');
Insert into SEAT (SEAT_CODE,THEATER_NAME,SEAT_NUMBER,SEAT_IS_RESERVED) values (435,'3층 4관','J-1','N');
Insert into SEAT (SEAT_CODE,THEATER_NAME,SEAT_NUMBER,SEAT_IS_RESERVED) values (436,'2층 1관','J-2','N');
Insert into SEAT (SEAT_CODE,THEATER_NAME,SEAT_NUMBER,SEAT_IS_RESERVED) values (437,'2층 2관','J-2','N');
Insert into SEAT (SEAT_CODE,THEATER_NAME,SEAT_NUMBER,SEAT_IS_RESERVED) values (438,'3층 4관','J-2','N');
Insert into SEAT (SEAT_CODE,THEATER_NAME,SEAT_NUMBER,SEAT_IS_RESERVED) values (439,'2층 1관','J-3','N');
Insert into SEAT (SEAT_CODE,THEATER_NAME,SEAT_NUMBER,SEAT_IS_RESERVED) values (440,'2층 2관','J-3','N');
Insert into SEAT (SEAT_CODE,THEATER_NAME,SEAT_NUMBER,SEAT_IS_RESERVED) values (441,'3층 4관','J-3','N');
Insert into SEAT (SEAT_CODE,THEATER_NAME,SEAT_NUMBER,SEAT_IS_RESERVED) values (442,'2층 1관','J-4','N');
Insert into SEAT (SEAT_CODE,THEATER_NAME,SEAT_NUMBER,SEAT_IS_RESERVED) values (443,'2층 2관','J-4','N');
Insert into SEAT (SEAT_CODE,THEATER_NAME,SEAT_NUMBER,SEAT_IS_RESERVED) values (444,'3층 4관','J-4','N');
Insert into SEAT (SEAT_CODE,THEATER_NAME,SEAT_NUMBER,SEAT_IS_RESERVED) values (445,'2층 1관','J-5','N');
Insert into SEAT (SEAT_CODE,THEATER_NAME,SEAT_NUMBER,SEAT_IS_RESERVED) values (446,'2층 2관','J-5','N');
Insert into SEAT (SEAT_CODE,THEATER_NAME,SEAT_NUMBER,SEAT_IS_RESERVED) values (447,'3층 4관','J-5','N');
Insert into SEAT (SEAT_CODE,THEATER_NAME,SEAT_NUMBER,SEAT_IS_RESERVED) values (448,'2층 1관','J-6','N');
Insert into SEAT (SEAT_CODE,THEATER_NAME,SEAT_NUMBER,SEAT_IS_RESERVED) values (449,'2층 2관','J-6','N');
Insert into SEAT (SEAT_CODE,THEATER_NAME,SEAT_NUMBER,SEAT_IS_RESERVED) values (450,'3층 4관','J-6','N');
Insert into SEAT (SEAT_CODE,THEATER_NAME,SEAT_NUMBER,SEAT_IS_RESERVED) values (451,'2층 1관','J-7','N');
Insert into SEAT (SEAT_CODE,THEATER_NAME,SEAT_NUMBER,SEAT_IS_RESERVED) values (452,'2층 2관','J-7','N');
Insert into SEAT (SEAT_CODE,THEATER_NAME,SEAT_NUMBER,SEAT_IS_RESERVED) values (453,'3층 4관','J-7','N');
Insert into SEAT (SEAT_CODE,THEATER_NAME,SEAT_NUMBER,SEAT_IS_RESERVED) values (454,'2층 1관','J-8','N');
Insert into SEAT (SEAT_CODE,THEATER_NAME,SEAT_NUMBER,SEAT_IS_RESERVED) values (455,'2층 2관','J-8','N');
Insert into SEAT (SEAT_CODE,THEATER_NAME,SEAT_NUMBER,SEAT_IS_RESERVED) values (456,'3층 4관','J-8','N');
Insert into SEAT (SEAT_CODE,THEATER_NAME,SEAT_NUMBER,SEAT_IS_RESERVED) values (457,'2층 1관','J-9','N');
Insert into SEAT (SEAT_CODE,THEATER_NAME,SEAT_NUMBER,SEAT_IS_RESERVED) values (458,'2층 2관','J-9','N');
Insert into SEAT (SEAT_CODE,THEATER_NAME,SEAT_NUMBER,SEAT_IS_RESERVED) values (459,'3층 4관','J-9','N');
Insert into SEAT (SEAT_CODE,THEATER_NAME,SEAT_NUMBER,SEAT_IS_RESERVED) values (460,'2층 1관','J-10','N');
Insert into SEAT (SEAT_CODE,THEATER_NAME,SEAT_NUMBER,SEAT_IS_RESERVED) values (461,'2층 2관','J-10','N');
Insert into SEAT (SEAT_CODE,THEATER_NAME,SEAT_NUMBER,SEAT_IS_RESERVED) values (462,'3층 4관','J-10','N');
Insert into SEAT (SEAT_CODE,THEATER_NAME,SEAT_NUMBER,SEAT_IS_RESERVED) values (463,'2층 1관','J-11','N');
Insert into SEAT (SEAT_CODE,THEATER_NAME,SEAT_NUMBER,SEAT_IS_RESERVED) values (464,'2층 2관','J-11','N');
Insert into SEAT (SEAT_CODE,THEATER_NAME,SEAT_NUMBER,SEAT_IS_RESERVED) values (465,'3층 4관','J-11','N');
Insert into SEAT (SEAT_CODE,THEATER_NAME,SEAT_NUMBER,SEAT_IS_RESERVED) values (466,'2층 1관','J-12','N');
Insert into SEAT (SEAT_CODE,THEATER_NAME,SEAT_NUMBER,SEAT_IS_RESERVED) values (467,'2층 2관','J-12','N');
Insert into SEAT (SEAT_CODE,THEATER_NAME,SEAT_NUMBER,SEAT_IS_RESERVED) values (468,'3층 4관','J-12','N');
Insert into SEAT (SEAT_CODE,THEATER_NAME,SEAT_NUMBER,SEAT_IS_RESERVED) values (469,'2층 1관','J-13','N');
Insert into SEAT (SEAT_CODE,THEATER_NAME,SEAT_NUMBER,SEAT_IS_RESERVED) values (470,'2층 2관','J-13','N');
Insert into SEAT (SEAT_CODE,THEATER_NAME,SEAT_NUMBER,SEAT_IS_RESERVED) values (471,'3층 4관','J-13','N');
Insert into SEAT (SEAT_CODE,THEATER_NAME,SEAT_NUMBER,SEAT_IS_RESERVED) values (472,'2층 1관','J-14','N');
Insert into SEAT (SEAT_CODE,THEATER_NAME,SEAT_NUMBER,SEAT_IS_RESERVED) values (473,'2층 2관','J-14','N');
Insert into SEAT (SEAT_CODE,THEATER_NAME,SEAT_NUMBER,SEAT_IS_RESERVED) values (474,'3층 4관','J-14','N');
Insert into SEAT (SEAT_CODE,THEATER_NAME,SEAT_NUMBER,SEAT_IS_RESERVED) values (475,'2층 1관','J-15','N');
Insert into SEAT (SEAT_CODE,THEATER_NAME,SEAT_NUMBER,SEAT_IS_RESERVED) values (476,'2층 2관','J-15','N');
Insert into SEAT (SEAT_CODE,THEATER_NAME,SEAT_NUMBER,SEAT_IS_RESERVED) values (477,'3층 4관','J-15','N');
Insert into SEAT (SEAT_CODE,THEATER_NAME,SEAT_NUMBER,SEAT_IS_RESERVED) values (478,'2층 1관','J-16','N');
Insert into SEAT (SEAT_CODE,THEATER_NAME,SEAT_NUMBER,SEAT_IS_RESERVED) values (479,'2층 2관','J-16','N');
Insert into SEAT (SEAT_CODE,THEATER_NAME,SEAT_NUMBER,SEAT_IS_RESERVED) values (480,'3층 4관','J-16','N');
Insert into SEAT (SEAT_CODE,THEATER_NAME,SEAT_NUMBER,SEAT_IS_RESERVED) values (481,'2층 1관','K-1','N');
Insert into SEAT (SEAT_CODE,THEATER_NAME,SEAT_NUMBER,SEAT_IS_RESERVED) values (482,'2층 2관','K-1','N');
Insert into SEAT (SEAT_CODE,THEATER_NAME,SEAT_NUMBER,SEAT_IS_RESERVED) values (483,'3층 4관','K-1','N');
Insert into SEAT (SEAT_CODE,THEATER_NAME,SEAT_NUMBER,SEAT_IS_RESERVED) values (484,'2층 1관','K-2','N');
Insert into SEAT (SEAT_CODE,THEATER_NAME,SEAT_NUMBER,SEAT_IS_RESERVED) values (485,'2층 2관','K-2','N');
Insert into SEAT (SEAT_CODE,THEATER_NAME,SEAT_NUMBER,SEAT_IS_RESERVED) values (486,'3층 4관','K-2','N');
Insert into SEAT (SEAT_CODE,THEATER_NAME,SEAT_NUMBER,SEAT_IS_RESERVED) values (487,'2층 1관','K-3','N');
Insert into SEAT (SEAT_CODE,THEATER_NAME,SEAT_NUMBER,SEAT_IS_RESERVED) values (488,'2층 2관','K-3','N');
Insert into SEAT (SEAT_CODE,THEATER_NAME,SEAT_NUMBER,SEAT_IS_RESERVED) values (489,'3층 4관','K-3','N');
Insert into SEAT (SEAT_CODE,THEATER_NAME,SEAT_NUMBER,SEAT_IS_RESERVED) values (490,'2층 1관','K-4','N');
Insert into SEAT (SEAT_CODE,THEATER_NAME,SEAT_NUMBER,SEAT_IS_RESERVED) values (491,'2층 2관','K-4','N');
Insert into SEAT (SEAT_CODE,THEATER_NAME,SEAT_NUMBER,SEAT_IS_RESERVED) values (492,'3층 4관','K-4','N');
Insert into SEAT (SEAT_CODE,THEATER_NAME,SEAT_NUMBER,SEAT_IS_RESERVED) values (493,'2층 1관','K-5','N');
Insert into SEAT (SEAT_CODE,THEATER_NAME,SEAT_NUMBER,SEAT_IS_RESERVED) values (494,'2층 2관','K-5','N');
Insert into SEAT (SEAT_CODE,THEATER_NAME,SEAT_NUMBER,SEAT_IS_RESERVED) values (495,'3층 4관','K-5','N');
Insert into SEAT (SEAT_CODE,THEATER_NAME,SEAT_NUMBER,SEAT_IS_RESERVED) values (496,'2층 1관','K-6','N');
Insert into SEAT (SEAT_CODE,THEATER_NAME,SEAT_NUMBER,SEAT_IS_RESERVED) values (497,'2층 2관','K-6','N');
Insert into SEAT (SEAT_CODE,THEATER_NAME,SEAT_NUMBER,SEAT_IS_RESERVED) values (498,'3층 4관','K-6','N');
Insert into SEAT (SEAT_CODE,THEATER_NAME,SEAT_NUMBER,SEAT_IS_RESERVED) values (499,'2층 1관','K-7','N');
Insert into SEAT (SEAT_CODE,THEATER_NAME,SEAT_NUMBER,SEAT_IS_RESERVED) values (500,'2층 2관','K-7','N');
Insert into SEAT (SEAT_CODE,THEATER_NAME,SEAT_NUMBER,SEAT_IS_RESERVED) values (501,'3층 4관','K-7','N');
Insert into SEAT (SEAT_CODE,THEATER_NAME,SEAT_NUMBER,SEAT_IS_RESERVED) values (502,'2층 1관','K-8','N');
Insert into SEAT (SEAT_CODE,THEATER_NAME,SEAT_NUMBER,SEAT_IS_RESERVED) values (503,'2층 2관','K-8','N');
Insert into SEAT (SEAT_CODE,THEATER_NAME,SEAT_NUMBER,SEAT_IS_RESERVED) values (504,'3층 4관','K-8','N');
Insert into SEAT (SEAT_CODE,THEATER_NAME,SEAT_NUMBER,SEAT_IS_RESERVED) values (505,'2층 1관','K-9','N');
Insert into SEAT (SEAT_CODE,THEATER_NAME,SEAT_NUMBER,SEAT_IS_RESERVED) values (506,'2층 2관','K-9','N');
Insert into SEAT (SEAT_CODE,THEATER_NAME,SEAT_NUMBER,SEAT_IS_RESERVED) values (507,'3층 4관','K-9','N');
Insert into SEAT (SEAT_CODE,THEATER_NAME,SEAT_NUMBER,SEAT_IS_RESERVED) values (508,'2층 1관','K-10','N');
Insert into SEAT (SEAT_CODE,THEATER_NAME,SEAT_NUMBER,SEAT_IS_RESERVED) values (509,'2층 2관','K-10','N');
Insert into SEAT (SEAT_CODE,THEATER_NAME,SEAT_NUMBER,SEAT_IS_RESERVED) values (510,'3층 4관','K-10','N');
Insert into SEAT (SEAT_CODE,THEATER_NAME,SEAT_NUMBER,SEAT_IS_RESERVED) values (511,'2층 1관','K-11','N');
Insert into SEAT (SEAT_CODE,THEATER_NAME,SEAT_NUMBER,SEAT_IS_RESERVED) values (512,'2층 2관','K-11','N');
Insert into SEAT (SEAT_CODE,THEATER_NAME,SEAT_NUMBER,SEAT_IS_RESERVED) values (513,'3층 4관','K-11','N');
Insert into SEAT (SEAT_CODE,THEATER_NAME,SEAT_NUMBER,SEAT_IS_RESERVED) values (514,'2층 1관','K-12','N');
Insert into SEAT (SEAT_CODE,THEATER_NAME,SEAT_NUMBER,SEAT_IS_RESERVED) values (515,'2층 2관','K-12','N');
Insert into SEAT (SEAT_CODE,THEATER_NAME,SEAT_NUMBER,SEAT_IS_RESERVED) values (516,'3층 4관','K-12','N');
Insert into SEAT (SEAT_CODE,THEATER_NAME,SEAT_NUMBER,SEAT_IS_RESERVED) values (517,'2층 1관','K-13','N');
Insert into SEAT (SEAT_CODE,THEATER_NAME,SEAT_NUMBER,SEAT_IS_RESERVED) values (518,'2층 2관','K-13','N');
Insert into SEAT (SEAT_CODE,THEATER_NAME,SEAT_NUMBER,SEAT_IS_RESERVED) values (519,'3층 4관','K-13','N');
Insert into SEAT (SEAT_CODE,THEATER_NAME,SEAT_NUMBER,SEAT_IS_RESERVED) values (520,'2층 1관','K-14','N');
Insert into SEAT (SEAT_CODE,THEATER_NAME,SEAT_NUMBER,SEAT_IS_RESERVED) values (521,'2층 2관','K-14','N');
Insert into SEAT (SEAT_CODE,THEATER_NAME,SEAT_NUMBER,SEAT_IS_RESERVED) values (522,'3층 4관','K-14','N');
Insert into SEAT (SEAT_CODE,THEATER_NAME,SEAT_NUMBER,SEAT_IS_RESERVED) values (523,'2층 1관','K-15','N');
Insert into SEAT (SEAT_CODE,THEATER_NAME,SEAT_NUMBER,SEAT_IS_RESERVED) values (524,'2층 2관','K-15','N');
Insert into SEAT (SEAT_CODE,THEATER_NAME,SEAT_NUMBER,SEAT_IS_RESERVED) values (525,'3층 4관','K-15','N');
Insert into SEAT (SEAT_CODE,THEATER_NAME,SEAT_NUMBER,SEAT_IS_RESERVED) values (526,'2층 1관','K-16','N');
Insert into SEAT (SEAT_CODE,THEATER_NAME,SEAT_NUMBER,SEAT_IS_RESERVED) values (527,'2층 2관','K-16','N');
Insert into SEAT (SEAT_CODE,THEATER_NAME,SEAT_NUMBER,SEAT_IS_RESERVED) values (528,'3층 4관','K-16','N');
Insert into SEAT (SEAT_CODE,THEATER_NAME,SEAT_NUMBER,SEAT_IS_RESERVED) values (529,'2층 1관','L-1','N');
Insert into SEAT (SEAT_CODE,THEATER_NAME,SEAT_NUMBER,SEAT_IS_RESERVED) values (530,'2층 2관','L-1','N');
Insert into SEAT (SEAT_CODE,THEATER_NAME,SEAT_NUMBER,SEAT_IS_RESERVED) values (531,'3층 4관','L-1','N');
Insert into SEAT (SEAT_CODE,THEATER_NAME,SEAT_NUMBER,SEAT_IS_RESERVED) values (532,'2층 1관','L-2','N');
Insert into SEAT (SEAT_CODE,THEATER_NAME,SEAT_NUMBER,SEAT_IS_RESERVED) values (533,'2층 2관','L-2','N');
Insert into SEAT (SEAT_CODE,THEATER_NAME,SEAT_NUMBER,SEAT_IS_RESERVED) values (534,'3층 4관','L-2','N');
Insert into SEAT (SEAT_CODE,THEATER_NAME,SEAT_NUMBER,SEAT_IS_RESERVED) values (535,'2층 1관','L-3','N');
Insert into SEAT (SEAT_CODE,THEATER_NAME,SEAT_NUMBER,SEAT_IS_RESERVED) values (536,'2층 2관','L-3','N');
Insert into SEAT (SEAT_CODE,THEATER_NAME,SEAT_NUMBER,SEAT_IS_RESERVED) values (537,'3층 4관','L-3','N');
Insert into SEAT (SEAT_CODE,THEATER_NAME,SEAT_NUMBER,SEAT_IS_RESERVED) values (538,'2층 1관','L-4','N');
Insert into SEAT (SEAT_CODE,THEATER_NAME,SEAT_NUMBER,SEAT_IS_RESERVED) values (539,'2층 2관','L-4','N');
Insert into SEAT (SEAT_CODE,THEATER_NAME,SEAT_NUMBER,SEAT_IS_RESERVED) values (540,'3층 4관','L-4','N');
Insert into SEAT (SEAT_CODE,THEATER_NAME,SEAT_NUMBER,SEAT_IS_RESERVED) values (541,'2층 1관','L-5','N');
Insert into SEAT (SEAT_CODE,THEATER_NAME,SEAT_NUMBER,SEAT_IS_RESERVED) values (542,'2층 2관','L-5','N');
Insert into SEAT (SEAT_CODE,THEATER_NAME,SEAT_NUMBER,SEAT_IS_RESERVED) values (543,'3층 4관','L-5','N');
Insert into SEAT (SEAT_CODE,THEATER_NAME,SEAT_NUMBER,SEAT_IS_RESERVED) values (544,'2층 1관','L-6','N');
Insert into SEAT (SEAT_CODE,THEATER_NAME,SEAT_NUMBER,SEAT_IS_RESERVED) values (545,'2층 2관','L-6','N');
Insert into SEAT (SEAT_CODE,THEATER_NAME,SEAT_NUMBER,SEAT_IS_RESERVED) values (546,'3층 4관','L-6','N');
Insert into SEAT (SEAT_CODE,THEATER_NAME,SEAT_NUMBER,SEAT_IS_RESERVED) values (547,'2층 1관','L-7','N');
Insert into SEAT (SEAT_CODE,THEATER_NAME,SEAT_NUMBER,SEAT_IS_RESERVED) values (548,'2층 2관','L-7','N');
Insert into SEAT (SEAT_CODE,THEATER_NAME,SEAT_NUMBER,SEAT_IS_RESERVED) values (549,'3층 4관','L-7','N');
Insert into SEAT (SEAT_CODE,THEATER_NAME,SEAT_NUMBER,SEAT_IS_RESERVED) values (550,'2층 1관','L-8','N');
Insert into SEAT (SEAT_CODE,THEATER_NAME,SEAT_NUMBER,SEAT_IS_RESERVED) values (551,'2층 2관','L-8','N');
Insert into SEAT (SEAT_CODE,THEATER_NAME,SEAT_NUMBER,SEAT_IS_RESERVED) values (552,'3층 4관','L-8','N');
Insert into SEAT (SEAT_CODE,THEATER_NAME,SEAT_NUMBER,SEAT_IS_RESERVED) values (553,'2층 1관','L-9','N');
Insert into SEAT (SEAT_CODE,THEATER_NAME,SEAT_NUMBER,SEAT_IS_RESERVED) values (554,'2층 2관','L-9','N');
Insert into SEAT (SEAT_CODE,THEATER_NAME,SEAT_NUMBER,SEAT_IS_RESERVED) values (555,'3층 4관','L-9','N');
Insert into SEAT (SEAT_CODE,THEATER_NAME,SEAT_NUMBER,SEAT_IS_RESERVED) values (556,'2층 1관','L-10','N');
Insert into SEAT (SEAT_CODE,THEATER_NAME,SEAT_NUMBER,SEAT_IS_RESERVED) values (557,'2층 2관','L-10','N');
Insert into SEAT (SEAT_CODE,THEATER_NAME,SEAT_NUMBER,SEAT_IS_RESERVED) values (558,'3층 4관','L-10','N');
Insert into SEAT (SEAT_CODE,THEATER_NAME,SEAT_NUMBER,SEAT_IS_RESERVED) values (559,'2층 1관','L-11','N');
Insert into SEAT (SEAT_CODE,THEATER_NAME,SEAT_NUMBER,SEAT_IS_RESERVED) values (560,'2층 2관','L-11','N');
Insert into SEAT (SEAT_CODE,THEATER_NAME,SEAT_NUMBER,SEAT_IS_RESERVED) values (561,'3층 4관','L-11','N');
Insert into SEAT (SEAT_CODE,THEATER_NAME,SEAT_NUMBER,SEAT_IS_RESERVED) values (562,'2층 1관','L-12','N');
Insert into SEAT (SEAT_CODE,THEATER_NAME,SEAT_NUMBER,SEAT_IS_RESERVED) values (563,'2층 2관','L-12','N');
Insert into SEAT (SEAT_CODE,THEATER_NAME,SEAT_NUMBER,SEAT_IS_RESERVED) values (564,'3층 4관','L-12','N');
Insert into SEAT (SEAT_CODE,THEATER_NAME,SEAT_NUMBER,SEAT_IS_RESERVED) values (565,'2층 1관','L-13','N');
Insert into SEAT (SEAT_CODE,THEATER_NAME,SEAT_NUMBER,SEAT_IS_RESERVED) values (566,'2층 2관','L-13','N');
Insert into SEAT (SEAT_CODE,THEATER_NAME,SEAT_NUMBER,SEAT_IS_RESERVED) values (567,'3층 4관','L-13','N');
Insert into SEAT (SEAT_CODE,THEATER_NAME,SEAT_NUMBER,SEAT_IS_RESERVED) values (568,'2층 1관','L-14','N');
Insert into SEAT (SEAT_CODE,THEATER_NAME,SEAT_NUMBER,SEAT_IS_RESERVED) values (569,'2층 2관','L-14','N');
Insert into SEAT (SEAT_CODE,THEATER_NAME,SEAT_NUMBER,SEAT_IS_RESERVED) values (570,'3층 4관','L-14','N');
Insert into SEAT (SEAT_CODE,THEATER_NAME,SEAT_NUMBER,SEAT_IS_RESERVED) values (571,'2층 1관','L-15','N');
Insert into SEAT (SEAT_CODE,THEATER_NAME,SEAT_NUMBER,SEAT_IS_RESERVED) values (572,'2층 2관','L-15','N');
Insert into SEAT (SEAT_CODE,THEATER_NAME,SEAT_NUMBER,SEAT_IS_RESERVED) values (573,'3층 4관','L-15','N');
Insert into SEAT (SEAT_CODE,THEATER_NAME,SEAT_NUMBER,SEAT_IS_RESERVED) values (574,'2층 1관','L-16','N');
Insert into SEAT (SEAT_CODE,THEATER_NAME,SEAT_NUMBER,SEAT_IS_RESERVED) values (575,'2층 2관','L-16','N');
Insert into SEAT (SEAT_CODE,THEATER_NAME,SEAT_NUMBER,SEAT_IS_RESERVED) values (576,'3층 4관','L-16','N');
Insert into SEAT (SEAT_CODE,THEATER_NAME,SEAT_NUMBER,SEAT_IS_RESERVED) values (577,'2층 3관','A-1','N');
Insert into SEAT (SEAT_CODE,THEATER_NAME,SEAT_NUMBER,SEAT_IS_RESERVED) values (578,'2층 3관','A-2','N');
Insert into SEAT (SEAT_CODE,THEATER_NAME,SEAT_NUMBER,SEAT_IS_RESERVED) values (579,'2층 3관','A-3','N');
Insert into SEAT (SEAT_CODE,THEATER_NAME,SEAT_NUMBER,SEAT_IS_RESERVED) values (580,'2층 3관','A-4','N');
Insert into SEAT (SEAT_CODE,THEATER_NAME,SEAT_NUMBER,SEAT_IS_RESERVED) values (581,'2층 3관','A-5','N');
Insert into SEAT (SEAT_CODE,THEATER_NAME,SEAT_NUMBER,SEAT_IS_RESERVED) values (582,'2층 3관','A-6','N');
Insert into SEAT (SEAT_CODE,THEATER_NAME,SEAT_NUMBER,SEAT_IS_RESERVED) values (583,'2층 3관','A-7','N');
Insert into SEAT (SEAT_CODE,THEATER_NAME,SEAT_NUMBER,SEAT_IS_RESERVED) values (584,'2층 3관','A-8','N');
Insert into SEAT (SEAT_CODE,THEATER_NAME,SEAT_NUMBER,SEAT_IS_RESERVED) values (585,'2층 3관','A-9','N');
Insert into SEAT (SEAT_CODE,THEATER_NAME,SEAT_NUMBER,SEAT_IS_RESERVED) values (586,'2층 3관','A-10','N');
Insert into SEAT (SEAT_CODE,THEATER_NAME,SEAT_NUMBER,SEAT_IS_RESERVED) values (587,'2층 3관','A-11','N');
Insert into SEAT (SEAT_CODE,THEATER_NAME,SEAT_NUMBER,SEAT_IS_RESERVED) values (588,'2층 3관','A-12','N');
Insert into SEAT (SEAT_CODE,THEATER_NAME,SEAT_NUMBER,SEAT_IS_RESERVED) values (589,'2층 3관','B-1','N');
Insert into SEAT (SEAT_CODE,THEATER_NAME,SEAT_NUMBER,SEAT_IS_RESERVED) values (590,'2층 3관','B-2','N');
Insert into SEAT (SEAT_CODE,THEATER_NAME,SEAT_NUMBER,SEAT_IS_RESERVED) values (591,'2층 3관','B-3','N');
Insert into SEAT (SEAT_CODE,THEATER_NAME,SEAT_NUMBER,SEAT_IS_RESERVED) values (592,'2층 3관','B-4','N');
Insert into SEAT (SEAT_CODE,THEATER_NAME,SEAT_NUMBER,SEAT_IS_RESERVED) values (593,'2층 3관','B-5','N');
Insert into SEAT (SEAT_CODE,THEATER_NAME,SEAT_NUMBER,SEAT_IS_RESERVED) values (594,'2층 3관','B-6','N');
Insert into SEAT (SEAT_CODE,THEATER_NAME,SEAT_NUMBER,SEAT_IS_RESERVED) values (595,'2층 3관','B-7','N');
Insert into SEAT (SEAT_CODE,THEATER_NAME,SEAT_NUMBER,SEAT_IS_RESERVED) values (596,'2층 3관','B-8','N');
Insert into SEAT (SEAT_CODE,THEATER_NAME,SEAT_NUMBER,SEAT_IS_RESERVED) values (597,'2층 3관','B-9','N');
Insert into SEAT (SEAT_CODE,THEATER_NAME,SEAT_NUMBER,SEAT_IS_RESERVED) values (598,'2층 3관','B-10','N');
Insert into SEAT (SEAT_CODE,THEATER_NAME,SEAT_NUMBER,SEAT_IS_RESERVED) values (599,'2층 3관','B-11','N');
Insert into SEAT (SEAT_CODE,THEATER_NAME,SEAT_NUMBER,SEAT_IS_RESERVED) values (600,'2층 3관','B-12','N');
Insert into SEAT (SEAT_CODE,THEATER_NAME,SEAT_NUMBER,SEAT_IS_RESERVED) values (601,'2층 3관','C-1','N');
Insert into SEAT (SEAT_CODE,THEATER_NAME,SEAT_NUMBER,SEAT_IS_RESERVED) values (602,'2층 3관','C-2','N');
Insert into SEAT (SEAT_CODE,THEATER_NAME,SEAT_NUMBER,SEAT_IS_RESERVED) values (603,'2층 3관','C-3','N');
Insert into SEAT (SEAT_CODE,THEATER_NAME,SEAT_NUMBER,SEAT_IS_RESERVED) values (604,'2층 3관','C-4','N');
Insert into SEAT (SEAT_CODE,THEATER_NAME,SEAT_NUMBER,SEAT_IS_RESERVED) values (605,'2층 3관','C-5','N');
Insert into SEAT (SEAT_CODE,THEATER_NAME,SEAT_NUMBER,SEAT_IS_RESERVED) values (606,'2층 3관','C-6','N');
Insert into SEAT (SEAT_CODE,THEATER_NAME,SEAT_NUMBER,SEAT_IS_RESERVED) values (607,'2층 3관','C-7','N');
Insert into SEAT (SEAT_CODE,THEATER_NAME,SEAT_NUMBER,SEAT_IS_RESERVED) values (608,'2층 3관','C-8','N');
Insert into SEAT (SEAT_CODE,THEATER_NAME,SEAT_NUMBER,SEAT_IS_RESERVED) values (609,'2층 3관','C-9','N');
Insert into SEAT (SEAT_CODE,THEATER_NAME,SEAT_NUMBER,SEAT_IS_RESERVED) values (610,'2층 3관','C-10','N');
Insert into SEAT (SEAT_CODE,THEATER_NAME,SEAT_NUMBER,SEAT_IS_RESERVED) values (611,'2층 3관','C-11','N');
Insert into SEAT (SEAT_CODE,THEATER_NAME,SEAT_NUMBER,SEAT_IS_RESERVED) values (612,'2층 3관','C-12','N');
Insert into SEAT (SEAT_CODE,THEATER_NAME,SEAT_NUMBER,SEAT_IS_RESERVED) values (613,'2층 3관','D-1','N');
Insert into SEAT (SEAT_CODE,THEATER_NAME,SEAT_NUMBER,SEAT_IS_RESERVED) values (614,'2층 3관','D-2','N');
Insert into SEAT (SEAT_CODE,THEATER_NAME,SEAT_NUMBER,SEAT_IS_RESERVED) values (615,'2층 3관','D-3','N');
Insert into SEAT (SEAT_CODE,THEATER_NAME,SEAT_NUMBER,SEAT_IS_RESERVED) values (616,'2층 3관','D-4','N');
Insert into SEAT (SEAT_CODE,THEATER_NAME,SEAT_NUMBER,SEAT_IS_RESERVED) values (617,'2층 3관','D-5','N');
Insert into SEAT (SEAT_CODE,THEATER_NAME,SEAT_NUMBER,SEAT_IS_RESERVED) values (618,'2층 3관','D-6','N');
Insert into SEAT (SEAT_CODE,THEATER_NAME,SEAT_NUMBER,SEAT_IS_RESERVED) values (619,'2층 3관','D-7','N');
Insert into SEAT (SEAT_CODE,THEATER_NAME,SEAT_NUMBER,SEAT_IS_RESERVED) values (620,'2층 3관','D-8','N');
Insert into SEAT (SEAT_CODE,THEATER_NAME,SEAT_NUMBER,SEAT_IS_RESERVED) values (621,'2층 3관','D-9','N');
Insert into SEAT (SEAT_CODE,THEATER_NAME,SEAT_NUMBER,SEAT_IS_RESERVED) values (622,'2층 3관','D-10','N');
Insert into SEAT (SEAT_CODE,THEATER_NAME,SEAT_NUMBER,SEAT_IS_RESERVED) values (623,'2층 3관','D-11','N');
Insert into SEAT (SEAT_CODE,THEATER_NAME,SEAT_NUMBER,SEAT_IS_RESERVED) values (624,'2층 3관','D-12','N');
Insert into SEAT (SEAT_CODE,THEATER_NAME,SEAT_NUMBER,SEAT_IS_RESERVED) values (625,'2층 3관','E-1','N');
Insert into SEAT (SEAT_CODE,THEATER_NAME,SEAT_NUMBER,SEAT_IS_RESERVED) values (626,'2층 3관','E-2','N');
Insert into SEAT (SEAT_CODE,THEATER_NAME,SEAT_NUMBER,SEAT_IS_RESERVED) values (627,'2층 3관','E-3','N');
Insert into SEAT (SEAT_CODE,THEATER_NAME,SEAT_NUMBER,SEAT_IS_RESERVED) values (628,'2층 3관','E-4','N');
Insert into SEAT (SEAT_CODE,THEATER_NAME,SEAT_NUMBER,SEAT_IS_RESERVED) values (629,'2층 3관','E-5','N');
Insert into SEAT (SEAT_CODE,THEATER_NAME,SEAT_NUMBER,SEAT_IS_RESERVED) values (630,'2층 3관','E-6','N');
Insert into SEAT (SEAT_CODE,THEATER_NAME,SEAT_NUMBER,SEAT_IS_RESERVED) values (631,'2층 3관','E-7','N');
Insert into SEAT (SEAT_CODE,THEATER_NAME,SEAT_NUMBER,SEAT_IS_RESERVED) values (632,'2층 3관','E-8','N');
Insert into SEAT (SEAT_CODE,THEATER_NAME,SEAT_NUMBER,SEAT_IS_RESERVED) values (633,'2층 3관','E-9','N');
Insert into SEAT (SEAT_CODE,THEATER_NAME,SEAT_NUMBER,SEAT_IS_RESERVED) values (634,'2층 3관','E-10','N');
Insert into SEAT (SEAT_CODE,THEATER_NAME,SEAT_NUMBER,SEAT_IS_RESERVED) values (635,'2층 3관','E-11','N');
Insert into SEAT (SEAT_CODE,THEATER_NAME,SEAT_NUMBER,SEAT_IS_RESERVED) values (636,'2층 3관','E-12','N');
Insert into SEAT (SEAT_CODE,THEATER_NAME,SEAT_NUMBER,SEAT_IS_RESERVED) values (637,'2층 3관','F-1','N');
Insert into SEAT (SEAT_CODE,THEATER_NAME,SEAT_NUMBER,SEAT_IS_RESERVED) values (638,'2층 3관','F-2','N');
Insert into SEAT (SEAT_CODE,THEATER_NAME,SEAT_NUMBER,SEAT_IS_RESERVED) values (639,'2층 3관','F-3','N');
Insert into SEAT (SEAT_CODE,THEATER_NAME,SEAT_NUMBER,SEAT_IS_RESERVED) values (640,'2층 3관','F-4','N');
Insert into SEAT (SEAT_CODE,THEATER_NAME,SEAT_NUMBER,SEAT_IS_RESERVED) values (641,'2층 3관','F-5','N');
Insert into SEAT (SEAT_CODE,THEATER_NAME,SEAT_NUMBER,SEAT_IS_RESERVED) values (642,'2층 3관','F-6','N');
Insert into SEAT (SEAT_CODE,THEATER_NAME,SEAT_NUMBER,SEAT_IS_RESERVED) values (643,'2층 3관','F-7','N');
Insert into SEAT (SEAT_CODE,THEATER_NAME,SEAT_NUMBER,SEAT_IS_RESERVED) values (644,'2층 3관','F-8','N');
Insert into SEAT (SEAT_CODE,THEATER_NAME,SEAT_NUMBER,SEAT_IS_RESERVED) values (645,'2층 3관','F-9','N');
Insert into SEAT (SEAT_CODE,THEATER_NAME,SEAT_NUMBER,SEAT_IS_RESERVED) values (646,'2층 3관','F-10','N');
Insert into SEAT (SEAT_CODE,THEATER_NAME,SEAT_NUMBER,SEAT_IS_RESERVED) values (647,'2층 3관','F-11','N');
Insert into SEAT (SEAT_CODE,THEATER_NAME,SEAT_NUMBER,SEAT_IS_RESERVED) values (648,'2층 3관','F-12','N');
Insert into SEAT (SEAT_CODE,THEATER_NAME,SEAT_NUMBER,SEAT_IS_RESERVED) values (649,'2층 3관','G-1','N');
Insert into SEAT (SEAT_CODE,THEATER_NAME,SEAT_NUMBER,SEAT_IS_RESERVED) values (650,'2층 3관','G-2','N');
Insert into SEAT (SEAT_CODE,THEATER_NAME,SEAT_NUMBER,SEAT_IS_RESERVED) values (651,'2층 3관','G-3','N');
Insert into SEAT (SEAT_CODE,THEATER_NAME,SEAT_NUMBER,SEAT_IS_RESERVED) values (652,'2층 3관','G-4','N');
Insert into SEAT (SEAT_CODE,THEATER_NAME,SEAT_NUMBER,SEAT_IS_RESERVED) values (653,'2층 3관','G-5','N');
Insert into SEAT (SEAT_CODE,THEATER_NAME,SEAT_NUMBER,SEAT_IS_RESERVED) values (654,'2층 3관','G-6','N');
Insert into SEAT (SEAT_CODE,THEATER_NAME,SEAT_NUMBER,SEAT_IS_RESERVED) values (655,'2층 3관','G-7','N');
Insert into SEAT (SEAT_CODE,THEATER_NAME,SEAT_NUMBER,SEAT_IS_RESERVED) values (656,'2층 3관','G-8','N');
Insert into SEAT (SEAT_CODE,THEATER_NAME,SEAT_NUMBER,SEAT_IS_RESERVED) values (657,'2층 3관','G-9','N');
Insert into SEAT (SEAT_CODE,THEATER_NAME,SEAT_NUMBER,SEAT_IS_RESERVED) values (658,'2층 3관','G-10','N');
Insert into SEAT (SEAT_CODE,THEATER_NAME,SEAT_NUMBER,SEAT_IS_RESERVED) values (659,'2층 3관','G-11','N');
Insert into SEAT (SEAT_CODE,THEATER_NAME,SEAT_NUMBER,SEAT_IS_RESERVED) values (660,'2층 3관','G-12','N');
Insert into SEAT (SEAT_CODE,THEATER_NAME,SEAT_NUMBER,SEAT_IS_RESERVED) values (661,'2층 3관','H-1','N');
Insert into SEAT (SEAT_CODE,THEATER_NAME,SEAT_NUMBER,SEAT_IS_RESERVED) values (662,'2층 3관','H-2','N');
Insert into SEAT (SEAT_CODE,THEATER_NAME,SEAT_NUMBER,SEAT_IS_RESERVED) values (663,'2층 3관','H-3','N');
Insert into SEAT (SEAT_CODE,THEATER_NAME,SEAT_NUMBER,SEAT_IS_RESERVED) values (664,'2층 3관','H-4','N');
Insert into SEAT (SEAT_CODE,THEATER_NAME,SEAT_NUMBER,SEAT_IS_RESERVED) values (665,'2층 3관','H-5','N');
Insert into SEAT (SEAT_CODE,THEATER_NAME,SEAT_NUMBER,SEAT_IS_RESERVED) values (666,'2층 3관','H-6','N');
Insert into SEAT (SEAT_CODE,THEATER_NAME,SEAT_NUMBER,SEAT_IS_RESERVED) values (667,'2층 3관','H-7','N');
Insert into SEAT (SEAT_CODE,THEATER_NAME,SEAT_NUMBER,SEAT_IS_RESERVED) values (668,'2층 3관','H-8','N');
Insert into SEAT (SEAT_CODE,THEATER_NAME,SEAT_NUMBER,SEAT_IS_RESERVED) values (669,'2층 3관','H-9','N');
Insert into SEAT (SEAT_CODE,THEATER_NAME,SEAT_NUMBER,SEAT_IS_RESERVED) values (670,'2층 3관','H-10','N');
Insert into SEAT (SEAT_CODE,THEATER_NAME,SEAT_NUMBER,SEAT_IS_RESERVED) values (671,'2층 3관','H-11','N');
Insert into SEAT (SEAT_CODE,THEATER_NAME,SEAT_NUMBER,SEAT_IS_RESERVED) values (672,'2층 3관','H-12','N');
Insert into SEAT (SEAT_CODE,THEATER_NAME,SEAT_NUMBER,SEAT_IS_RESERVED) values (673,'2층 3관','I-1','N');
Insert into SEAT (SEAT_CODE,THEATER_NAME,SEAT_NUMBER,SEAT_IS_RESERVED) values (674,'2층 3관','I-2','N');
Insert into SEAT (SEAT_CODE,THEATER_NAME,SEAT_NUMBER,SEAT_IS_RESERVED) values (675,'2층 3관','I-3','N');
Insert into SEAT (SEAT_CODE,THEATER_NAME,SEAT_NUMBER,SEAT_IS_RESERVED) values (676,'2층 3관','I-4','N');
Insert into SEAT (SEAT_CODE,THEATER_NAME,SEAT_NUMBER,SEAT_IS_RESERVED) values (677,'2층 3관','I-5','N');
Insert into SEAT (SEAT_CODE,THEATER_NAME,SEAT_NUMBER,SEAT_IS_RESERVED) values (678,'2층 3관','I-6','N');
Insert into SEAT (SEAT_CODE,THEATER_NAME,SEAT_NUMBER,SEAT_IS_RESERVED) values (679,'2층 3관','I-7','N');
Insert into SEAT (SEAT_CODE,THEATER_NAME,SEAT_NUMBER,SEAT_IS_RESERVED) values (680,'2층 3관','I-8','N');
Insert into SEAT (SEAT_CODE,THEATER_NAME,SEAT_NUMBER,SEAT_IS_RESERVED) values (681,'2층 3관','I-9','N');
Insert into SEAT (SEAT_CODE,THEATER_NAME,SEAT_NUMBER,SEAT_IS_RESERVED) values (682,'2층 3관','I-10','N');
Insert into SEAT (SEAT_CODE,THEATER_NAME,SEAT_NUMBER,SEAT_IS_RESERVED) values (683,'2층 3관','I-11','N');
Insert into SEAT (SEAT_CODE,THEATER_NAME,SEAT_NUMBER,SEAT_IS_RESERVED) values (684,'2층 3관','I-12','N');
Insert into SEAT (SEAT_CODE,THEATER_NAME,SEAT_NUMBER,SEAT_IS_RESERVED) values (685,'3층 5관','A-1','N');
Insert into SEAT (SEAT_CODE,THEATER_NAME,SEAT_NUMBER,SEAT_IS_RESERVED) values (686,'3층 5관','A-2','N');
Insert into SEAT (SEAT_CODE,THEATER_NAME,SEAT_NUMBER,SEAT_IS_RESERVED) values (687,'3층 5관','A-3','N');
Insert into SEAT (SEAT_CODE,THEATER_NAME,SEAT_NUMBER,SEAT_IS_RESERVED) values (688,'3층 5관','A-4','N');
Insert into SEAT (SEAT_CODE,THEATER_NAME,SEAT_NUMBER,SEAT_IS_RESERVED) values (689,'3층 5관','A-5','N');
Insert into SEAT (SEAT_CODE,THEATER_NAME,SEAT_NUMBER,SEAT_IS_RESERVED) values (690,'3층 5관','A-6','N');
Insert into SEAT (SEAT_CODE,THEATER_NAME,SEAT_NUMBER,SEAT_IS_RESERVED) values (691,'3층 5관','B-1','N');
Insert into SEAT (SEAT_CODE,THEATER_NAME,SEAT_NUMBER,SEAT_IS_RESERVED) values (692,'3층 5관','B-2','N');
Insert into SEAT (SEAT_CODE,THEATER_NAME,SEAT_NUMBER,SEAT_IS_RESERVED) values (693,'3층 5관','B-3','N');
Insert into SEAT (SEAT_CODE,THEATER_NAME,SEAT_NUMBER,SEAT_IS_RESERVED) values (694,'3층 5관','B-4','N');
Insert into SEAT (SEAT_CODE,THEATER_NAME,SEAT_NUMBER,SEAT_IS_RESERVED) values (695,'3층 5관','B-5','N');
Insert into SEAT (SEAT_CODE,THEATER_NAME,SEAT_NUMBER,SEAT_IS_RESERVED) values (696,'3층 5관','B-6','N');
Insert into SEAT (SEAT_CODE,THEATER_NAME,SEAT_NUMBER,SEAT_IS_RESERVED) values (697,'3층 5관','C-1','N');
Insert into SEAT (SEAT_CODE,THEATER_NAME,SEAT_NUMBER,SEAT_IS_RESERVED) values (698,'3층 5관','C-2','N');
Insert into SEAT (SEAT_CODE,THEATER_NAME,SEAT_NUMBER,SEAT_IS_RESERVED) values (699,'3층 5관','C-3','N');
Insert into SEAT (SEAT_CODE,THEATER_NAME,SEAT_NUMBER,SEAT_IS_RESERVED) values (700,'3층 5관','C-4','N');
Insert into SEAT (SEAT_CODE,THEATER_NAME,SEAT_NUMBER,SEAT_IS_RESERVED) values (701,'3층 5관','C-5','N');
Insert into SEAT (SEAT_CODE,THEATER_NAME,SEAT_NUMBER,SEAT_IS_RESERVED) values (702,'3층 5관','C-6','N');
Insert into SEAT (SEAT_CODE,THEATER_NAME,SEAT_NUMBER,SEAT_IS_RESERVED) values (703,'3층 5관','D-1','N');
Insert into SEAT (SEAT_CODE,THEATER_NAME,SEAT_NUMBER,SEAT_IS_RESERVED) values (704,'3층 5관','D-2','N');
Insert into SEAT (SEAT_CODE,THEATER_NAME,SEAT_NUMBER,SEAT_IS_RESERVED) values (705,'3층 5관','D-3','N');
Insert into SEAT (SEAT_CODE,THEATER_NAME,SEAT_NUMBER,SEAT_IS_RESERVED) values (706,'3층 5관','D-4','N');
Insert into SEAT (SEAT_CODE,THEATER_NAME,SEAT_NUMBER,SEAT_IS_RESERVED) values (707,'3층 5관','D-5','N');
Insert into SEAT (SEAT_CODE,THEATER_NAME,SEAT_NUMBER,SEAT_IS_RESERVED) values (708,'3층 5관','D-6','N');
Insert into SEAT (SEAT_CODE,THEATER_NAME,SEAT_NUMBER,SEAT_IS_RESERVED) values (709,'3층 5관','E-1','N');
Insert into SEAT (SEAT_CODE,THEATER_NAME,SEAT_NUMBER,SEAT_IS_RESERVED) values (710,'3층 5관','E-2','N');
Insert into SEAT (SEAT_CODE,THEATER_NAME,SEAT_NUMBER,SEAT_IS_RESERVED) values (711,'3층 5관','E-3','N');
Insert into SEAT (SEAT_CODE,THEATER_NAME,SEAT_NUMBER,SEAT_IS_RESERVED) values (712,'3층 5관','E-4','N');
Insert into SEAT (SEAT_CODE,THEATER_NAME,SEAT_NUMBER,SEAT_IS_RESERVED) values (713,'3층 5관','E-5','N');
Insert into SEAT (SEAT_CODE,THEATER_NAME,SEAT_NUMBER,SEAT_IS_RESERVED) values (714,'3층 5관','E-6','N');
Insert into SEAT (SEAT_CODE,THEATER_NAME,SEAT_NUMBER,SEAT_IS_RESERVED) values (715,'3층 5관','F-1','N');
Insert into SEAT (SEAT_CODE,THEATER_NAME,SEAT_NUMBER,SEAT_IS_RESERVED) values (716,'3층 5관','F-2','N');
Insert into SEAT (SEAT_CODE,THEATER_NAME,SEAT_NUMBER,SEAT_IS_RESERVED) values (717,'3층 5관','F-3','N');
Insert into SEAT (SEAT_CODE,THEATER_NAME,SEAT_NUMBER,SEAT_IS_RESERVED) values (718,'3층 5관','F-4','N');
Insert into SEAT (SEAT_CODE,THEATER_NAME,SEAT_NUMBER,SEAT_IS_RESERVED) values (719,'3층 5관','F-5','N');
Insert into SEAT (SEAT_CODE,THEATER_NAME,SEAT_NUMBER,SEAT_IS_RESERVED) values (720,'3층 5관','F-6','N');
Insert into SEAT (SEAT_CODE,THEATER_NAME,SEAT_NUMBER,SEAT_IS_RESERVED) values (721,'3층 5관','G-1','N');
Insert into SEAT (SEAT_CODE,THEATER_NAME,SEAT_NUMBER,SEAT_IS_RESERVED) values (722,'3층 5관','G-2','N');
Insert into SEAT (SEAT_CODE,THEATER_NAME,SEAT_NUMBER,SEAT_IS_RESERVED) values (723,'3층 5관','G-3','N');
Insert into SEAT (SEAT_CODE,THEATER_NAME,SEAT_NUMBER,SEAT_IS_RESERVED) values (724,'3층 5관','G-4','N');
Insert into SEAT (SEAT_CODE,THEATER_NAME,SEAT_NUMBER,SEAT_IS_RESERVED) values (725,'3층 5관','G-5','N');
Insert into SEAT (SEAT_CODE,THEATER_NAME,SEAT_NUMBER,SEAT_IS_RESERVED) values (726,'3층 5관','G-6','N');
Insert into SEAT (SEAT_CODE,THEATER_NAME,SEAT_NUMBER,SEAT_IS_RESERVED) values (727,'3층 5관','H-1','N');
Insert into SEAT (SEAT_CODE,THEATER_NAME,SEAT_NUMBER,SEAT_IS_RESERVED) values (728,'3층 5관','H-2','N');
Insert into SEAT (SEAT_CODE,THEATER_NAME,SEAT_NUMBER,SEAT_IS_RESERVED) values (729,'3층 5관','H-3','N');
Insert into SEAT (SEAT_CODE,THEATER_NAME,SEAT_NUMBER,SEAT_IS_RESERVED) values (730,'3층 5관','H-4','N');
Insert into SEAT (SEAT_CODE,THEATER_NAME,SEAT_NUMBER,SEAT_IS_RESERVED) values (731,'3층 5관','H-5','N');
Insert into SEAT (SEAT_CODE,THEATER_NAME,SEAT_NUMBER,SEAT_IS_RESERVED) values (732,'3층 5관','H-6','N');
Insert into SEAT (SEAT_CODE,THEATER_NAME,SEAT_NUMBER,SEAT_IS_RESERVED) values (733,'3층 5관','I-1','N');
Insert into SEAT (SEAT_CODE,THEATER_NAME,SEAT_NUMBER,SEAT_IS_RESERVED) values (734,'3층 5관','I-2','N');
Insert into SEAT (SEAT_CODE,THEATER_NAME,SEAT_NUMBER,SEAT_IS_RESERVED) values (735,'3층 5관','I-3','N');
Insert into SEAT (SEAT_CODE,THEATER_NAME,SEAT_NUMBER,SEAT_IS_RESERVED) values (736,'3층 5관','I-4','N');
Insert into SEAT (SEAT_CODE,THEATER_NAME,SEAT_NUMBER,SEAT_IS_RESERVED) values (737,'3층 5관','I-5','N');
Insert into SEAT (SEAT_CODE,THEATER_NAME,SEAT_NUMBER,SEAT_IS_RESERVED) values (738,'3층 5관','I-6','N');
Insert into SEAT (SEAT_CODE,THEATER_NAME,SEAT_NUMBER,SEAT_IS_RESERVED) values (739,'3층 5관','J-1','N');
Insert into SEAT (SEAT_CODE,THEATER_NAME,SEAT_NUMBER,SEAT_IS_RESERVED) values (740,'3층 5관','J-2','N');
Insert into SEAT (SEAT_CODE,THEATER_NAME,SEAT_NUMBER,SEAT_IS_RESERVED) values (741,'3층 5관','J-3','N');
Insert into SEAT (SEAT_CODE,THEATER_NAME,SEAT_NUMBER,SEAT_IS_RESERVED) values (742,'3층 5관','J-4','N');
Insert into SEAT (SEAT_CODE,THEATER_NAME,SEAT_NUMBER,SEAT_IS_RESERVED) values (743,'3층 5관','J-5','N');
Insert into SEAT (SEAT_CODE,THEATER_NAME,SEAT_NUMBER,SEAT_IS_RESERVED) values (744,'3층 5관','J-6','N');
Insert into SEAT (SEAT_CODE,THEATER_NAME,SEAT_NUMBER,SEAT_IS_RESERVED) values (1,'2층 1관','A-1','N');
Insert into SEAT (SEAT_CODE,THEATER_NAME,SEAT_NUMBER,SEAT_IS_RESERVED) values (2,'2층 2관','A-1','N');
Insert into SEAT (SEAT_CODE,THEATER_NAME,SEAT_NUMBER,SEAT_IS_RESERVED) values (3,'3층 4관','A-1','N');
Insert into SEAT (SEAT_CODE,THEATER_NAME,SEAT_NUMBER,SEAT_IS_RESERVED) values (4,'2층 1관','A-2','N');
Insert into SEAT (SEAT_CODE,THEATER_NAME,SEAT_NUMBER,SEAT_IS_RESERVED) values (5,'2층 2관','A-2','N');
Insert into SEAT (SEAT_CODE,THEATER_NAME,SEAT_NUMBER,SEAT_IS_RESERVED) values (6,'3층 4관','A-2','N');
Insert into SEAT (SEAT_CODE,THEATER_NAME,SEAT_NUMBER,SEAT_IS_RESERVED) values (7,'2층 1관','A-3','N');
Insert into SEAT (SEAT_CODE,THEATER_NAME,SEAT_NUMBER,SEAT_IS_RESERVED) values (8,'2층 2관','A-3','N');
Insert into SEAT (SEAT_CODE,THEATER_NAME,SEAT_NUMBER,SEAT_IS_RESERVED) values (9,'3층 4관','A-3','N');
Insert into SEAT (SEAT_CODE,THEATER_NAME,SEAT_NUMBER,SEAT_IS_RESERVED) values (10,'2층 1관','A-4','N');
Insert into SEAT (SEAT_CODE,THEATER_NAME,SEAT_NUMBER,SEAT_IS_RESERVED) values (11,'2층 2관','A-4','N');
Insert into SEAT (SEAT_CODE,THEATER_NAME,SEAT_NUMBER,SEAT_IS_RESERVED) values (12,'3층 4관','A-4','N');
Insert into SEAT (SEAT_CODE,THEATER_NAME,SEAT_NUMBER,SEAT_IS_RESERVED) values (13,'2층 1관','A-5','N');
Insert into SEAT (SEAT_CODE,THEATER_NAME,SEAT_NUMBER,SEAT_IS_RESERVED) values (14,'2층 2관','A-5','N');
Insert into SEAT (SEAT_CODE,THEATER_NAME,SEAT_NUMBER,SEAT_IS_RESERVED) values (15,'3층 4관','A-5','N');
Insert into SEAT (SEAT_CODE,THEATER_NAME,SEAT_NUMBER,SEAT_IS_RESERVED) values (16,'2층 1관','A-6','N');
Insert into SEAT (SEAT_CODE,THEATER_NAME,SEAT_NUMBER,SEAT_IS_RESERVED) values (17,'2층 2관','A-6','N');
Insert into SEAT (SEAT_CODE,THEATER_NAME,SEAT_NUMBER,SEAT_IS_RESERVED) values (18,'3층 4관','A-6','N');
Insert into SEAT (SEAT_CODE,THEATER_NAME,SEAT_NUMBER,SEAT_IS_RESERVED) values (19,'2층 1관','A-7','N');
Insert into SEAT (SEAT_CODE,THEATER_NAME,SEAT_NUMBER,SEAT_IS_RESERVED) values (20,'2층 2관','A-7','N');
Insert into SEAT (SEAT_CODE,THEATER_NAME,SEAT_NUMBER,SEAT_IS_RESERVED) values (21,'3층 4관','A-7','N');
Insert into SEAT (SEAT_CODE,THEATER_NAME,SEAT_NUMBER,SEAT_IS_RESERVED) values (22,'2층 1관','A-8','N');
Insert into SEAT (SEAT_CODE,THEATER_NAME,SEAT_NUMBER,SEAT_IS_RESERVED) values (23,'2층 2관','A-8','N');
Insert into SEAT (SEAT_CODE,THEATER_NAME,SEAT_NUMBER,SEAT_IS_RESERVED) values (24,'3층 4관','A-8','N');
Insert into SEAT (SEAT_CODE,THEATER_NAME,SEAT_NUMBER,SEAT_IS_RESERVED) values (25,'2층 1관','A-9','N');
Insert into SEAT (SEAT_CODE,THEATER_NAME,SEAT_NUMBER,SEAT_IS_RESERVED) values (26,'2층 2관','A-9','N');
Insert into SEAT (SEAT_CODE,THEATER_NAME,SEAT_NUMBER,SEAT_IS_RESERVED) values (27,'3층 4관','A-9','N');
Insert into SEAT (SEAT_CODE,THEATER_NAME,SEAT_NUMBER,SEAT_IS_RESERVED) values (28,'2층 1관','A-10','N');
Insert into SEAT (SEAT_CODE,THEATER_NAME,SEAT_NUMBER,SEAT_IS_RESERVED) values (29,'2층 2관','A-10','N');
Insert into SEAT (SEAT_CODE,THEATER_NAME,SEAT_NUMBER,SEAT_IS_RESERVED) values (30,'3층 4관','A-10','N');
Insert into SEAT (SEAT_CODE,THEATER_NAME,SEAT_NUMBER,SEAT_IS_RESERVED) values (31,'2층 1관','A-11','N');
Insert into SEAT (SEAT_CODE,THEATER_NAME,SEAT_NUMBER,SEAT_IS_RESERVED) values (32,'2층 2관','A-11','N');
Insert into SEAT (SEAT_CODE,THEATER_NAME,SEAT_NUMBER,SEAT_IS_RESERVED) values (33,'3층 4관','A-11','N');
Insert into SEAT (SEAT_CODE,THEATER_NAME,SEAT_NUMBER,SEAT_IS_RESERVED) values (34,'2층 1관','A-12','N');
Insert into SEAT (SEAT_CODE,THEATER_NAME,SEAT_NUMBER,SEAT_IS_RESERVED) values (35,'2층 2관','A-12','N');
Insert into SEAT (SEAT_CODE,THEATER_NAME,SEAT_NUMBER,SEAT_IS_RESERVED) values (36,'3층 4관','A-12','N');
Insert into SEAT (SEAT_CODE,THEATER_NAME,SEAT_NUMBER,SEAT_IS_RESERVED) values (37,'2층 1관','A-13','N');
Insert into SEAT (SEAT_CODE,THEATER_NAME,SEAT_NUMBER,SEAT_IS_RESERVED) values (38,'2층 2관','A-13','N');
Insert into SEAT (SEAT_CODE,THEATER_NAME,SEAT_NUMBER,SEAT_IS_RESERVED) values (39,'3층 4관','A-13','N');
Insert into SEAT (SEAT_CODE,THEATER_NAME,SEAT_NUMBER,SEAT_IS_RESERVED) values (40,'2층 1관','A-14','N');
Insert into SEAT (SEAT_CODE,THEATER_NAME,SEAT_NUMBER,SEAT_IS_RESERVED) values (41,'2층 2관','A-14','N');
Insert into SEAT (SEAT_CODE,THEATER_NAME,SEAT_NUMBER,SEAT_IS_RESERVED) values (42,'3층 4관','A-14','N');
Insert into SEAT (SEAT_CODE,THEATER_NAME,SEAT_NUMBER,SEAT_IS_RESERVED) values (43,'2층 1관','A-15','N');
Insert into SEAT (SEAT_CODE,THEATER_NAME,SEAT_NUMBER,SEAT_IS_RESERVED) values (44,'2층 2관','A-15','N');
Insert into SEAT (SEAT_CODE,THEATER_NAME,SEAT_NUMBER,SEAT_IS_RESERVED) values (45,'3층 4관','A-15','N');
Insert into SEAT (SEAT_CODE,THEATER_NAME,SEAT_NUMBER,SEAT_IS_RESERVED) values (46,'2층 1관','A-16','N');
Insert into SEAT (SEAT_CODE,THEATER_NAME,SEAT_NUMBER,SEAT_IS_RESERVED) values (47,'2층 2관','A-16','N');
Insert into SEAT (SEAT_CODE,THEATER_NAME,SEAT_NUMBER,SEAT_IS_RESERVED) values (48,'3층 4관','A-16','N');
Insert into SEAT (SEAT_CODE,THEATER_NAME,SEAT_NUMBER,SEAT_IS_RESERVED) values (49,'2층 1관','B-1','N');
Insert into SEAT (SEAT_CODE,THEATER_NAME,SEAT_NUMBER,SEAT_IS_RESERVED) values (50,'2층 2관','B-1','N');
Insert into SEAT (SEAT_CODE,THEATER_NAME,SEAT_NUMBER,SEAT_IS_RESERVED) values (51,'3층 4관','B-1','N');
Insert into SEAT (SEAT_CODE,THEATER_NAME,SEAT_NUMBER,SEAT_IS_RESERVED) values (52,'2층 1관','B-2','N');
Insert into SEAT (SEAT_CODE,THEATER_NAME,SEAT_NUMBER,SEAT_IS_RESERVED) values (53,'2층 2관','B-2','N');
Insert into SEAT (SEAT_CODE,THEATER_NAME,SEAT_NUMBER,SEAT_IS_RESERVED) values (54,'3층 4관','B-2','N');
Insert into SEAT (SEAT_CODE,THEATER_NAME,SEAT_NUMBER,SEAT_IS_RESERVED) values (55,'2층 1관','B-3','N');
Insert into SEAT (SEAT_CODE,THEATER_NAME,SEAT_NUMBER,SEAT_IS_RESERVED) values (56,'2층 2관','B-3','N');
Insert into SEAT (SEAT_CODE,THEATER_NAME,SEAT_NUMBER,SEAT_IS_RESERVED) values (57,'3층 4관','B-3','N');
Insert into SEAT (SEAT_CODE,THEATER_NAME,SEAT_NUMBER,SEAT_IS_RESERVED) values (58,'2층 1관','B-4','N');
Insert into SEAT (SEAT_CODE,THEATER_NAME,SEAT_NUMBER,SEAT_IS_RESERVED) values (59,'2층 2관','B-4','N');
Insert into SEAT (SEAT_CODE,THEATER_NAME,SEAT_NUMBER,SEAT_IS_RESERVED) values (60,'3층 4관','B-4','N');
Insert into SEAT (SEAT_CODE,THEATER_NAME,SEAT_NUMBER,SEAT_IS_RESERVED) values (61,'2층 1관','B-5','N');
Insert into SEAT (SEAT_CODE,THEATER_NAME,SEAT_NUMBER,SEAT_IS_RESERVED) values (62,'2층 2관','B-5','N');
Insert into SEAT (SEAT_CODE,THEATER_NAME,SEAT_NUMBER,SEAT_IS_RESERVED) values (63,'3층 4관','B-5','N');
Insert into SEAT (SEAT_CODE,THEATER_NAME,SEAT_NUMBER,SEAT_IS_RESERVED) values (64,'2층 1관','B-6','N');
Insert into SEAT (SEAT_CODE,THEATER_NAME,SEAT_NUMBER,SEAT_IS_RESERVED) values (65,'2층 2관','B-6','N');
Insert into SEAT (SEAT_CODE,THEATER_NAME,SEAT_NUMBER,SEAT_IS_RESERVED) values (66,'3층 4관','B-6','N');
Insert into SEAT (SEAT_CODE,THEATER_NAME,SEAT_NUMBER,SEAT_IS_RESERVED) values (67,'2층 1관','B-7','N');
Insert into SEAT (SEAT_CODE,THEATER_NAME,SEAT_NUMBER,SEAT_IS_RESERVED) values (68,'2층 2관','B-7','N');
Insert into SEAT (SEAT_CODE,THEATER_NAME,SEAT_NUMBER,SEAT_IS_RESERVED) values (69,'3층 4관','B-7','N');
Insert into SEAT (SEAT_CODE,THEATER_NAME,SEAT_NUMBER,SEAT_IS_RESERVED) values (70,'2층 1관','B-8','N');
Insert into SEAT (SEAT_CODE,THEATER_NAME,SEAT_NUMBER,SEAT_IS_RESERVED) values (71,'2층 2관','B-8','N');
Insert into SEAT (SEAT_CODE,THEATER_NAME,SEAT_NUMBER,SEAT_IS_RESERVED) values (72,'3층 4관','B-8','N');
Insert into SEAT (SEAT_CODE,THEATER_NAME,SEAT_NUMBER,SEAT_IS_RESERVED) values (73,'2층 1관','B-9','N');
Insert into SEAT (SEAT_CODE,THEATER_NAME,SEAT_NUMBER,SEAT_IS_RESERVED) values (74,'2층 2관','B-9','N');
Insert into SEAT (SEAT_CODE,THEATER_NAME,SEAT_NUMBER,SEAT_IS_RESERVED) values (75,'3층 4관','B-9','N');
Insert into SEAT (SEAT_CODE,THEATER_NAME,SEAT_NUMBER,SEAT_IS_RESERVED) values (76,'2층 1관','B-10','N');
Insert into SEAT (SEAT_CODE,THEATER_NAME,SEAT_NUMBER,SEAT_IS_RESERVED) values (77,'2층 2관','B-10','N');
Insert into SEAT (SEAT_CODE,THEATER_NAME,SEAT_NUMBER,SEAT_IS_RESERVED) values (78,'3층 4관','B-10','N');
Insert into SEAT (SEAT_CODE,THEATER_NAME,SEAT_NUMBER,SEAT_IS_RESERVED) values (79,'2층 1관','B-11','N');
Insert into SEAT (SEAT_CODE,THEATER_NAME,SEAT_NUMBER,SEAT_IS_RESERVED) values (80,'2층 2관','B-11','N');
Insert into SEAT (SEAT_CODE,THEATER_NAME,SEAT_NUMBER,SEAT_IS_RESERVED) values (81,'3층 4관','B-11','N');
Insert into SEAT (SEAT_CODE,THEATER_NAME,SEAT_NUMBER,SEAT_IS_RESERVED) values (82,'2층 1관','B-12','N');
Insert into SEAT (SEAT_CODE,THEATER_NAME,SEAT_NUMBER,SEAT_IS_RESERVED) values (83,'2층 2관','B-12','N');
Insert into SEAT (SEAT_CODE,THEATER_NAME,SEAT_NUMBER,SEAT_IS_RESERVED) values (84,'3층 4관','B-12','N');
Insert into SEAT (SEAT_CODE,THEATER_NAME,SEAT_NUMBER,SEAT_IS_RESERVED) values (85,'2층 1관','B-13','N');
Insert into SEAT (SEAT_CODE,THEATER_NAME,SEAT_NUMBER,SEAT_IS_RESERVED) values (86,'2층 2관','B-13','N');
Insert into SEAT (SEAT_CODE,THEATER_NAME,SEAT_NUMBER,SEAT_IS_RESERVED) values (87,'3층 4관','B-13','N');
Insert into SEAT (SEAT_CODE,THEATER_NAME,SEAT_NUMBER,SEAT_IS_RESERVED) values (88,'2층 1관','B-14','N');
Insert into SEAT (SEAT_CODE,THEATER_NAME,SEAT_NUMBER,SEAT_IS_RESERVED) values (89,'2층 2관','B-14','N');
Insert into SEAT (SEAT_CODE,THEATER_NAME,SEAT_NUMBER,SEAT_IS_RESERVED) values (90,'3층 4관','B-14','N');
Insert into SEAT (SEAT_CODE,THEATER_NAME,SEAT_NUMBER,SEAT_IS_RESERVED) values (91,'2층 1관','B-15','N');
Insert into SEAT (SEAT_CODE,THEATER_NAME,SEAT_NUMBER,SEAT_IS_RESERVED) values (92,'2층 2관','B-15','N');
Insert into SEAT (SEAT_CODE,THEATER_NAME,SEAT_NUMBER,SEAT_IS_RESERVED) values (93,'3층 4관','B-15','N');
Insert into SEAT (SEAT_CODE,THEATER_NAME,SEAT_NUMBER,SEAT_IS_RESERVED) values (94,'2층 1관','B-16','N');
Insert into SEAT (SEAT_CODE,THEATER_NAME,SEAT_NUMBER,SEAT_IS_RESERVED) values (95,'2층 2관','B-16','N');
Insert into SEAT (SEAT_CODE,THEATER_NAME,SEAT_NUMBER,SEAT_IS_RESERVED) values (96,'3층 4관','B-16','N');
Insert into SEAT (SEAT_CODE,THEATER_NAME,SEAT_NUMBER,SEAT_IS_RESERVED) values (97,'2층 1관','C-1','N');
Insert into SEAT (SEAT_CODE,THEATER_NAME,SEAT_NUMBER,SEAT_IS_RESERVED) values (98,'2층 2관','C-1','N');
Insert into SEAT (SEAT_CODE,THEATER_NAME,SEAT_NUMBER,SEAT_IS_RESERVED) values (99,'3층 4관','C-1','N');
Insert into SEAT (SEAT_CODE,THEATER_NAME,SEAT_NUMBER,SEAT_IS_RESERVED) values (100,'2층 1관','C-2','N');
Insert into SEAT (SEAT_CODE,THEATER_NAME,SEAT_NUMBER,SEAT_IS_RESERVED) values (101,'2층 2관','C-2','N');
Insert into SEAT (SEAT_CODE,THEATER_NAME,SEAT_NUMBER,SEAT_IS_RESERVED) values (102,'3층 4관','C-2','N');
Insert into SEAT (SEAT_CODE,THEATER_NAME,SEAT_NUMBER,SEAT_IS_RESERVED) values (103,'2층 1관','C-3','N');
Insert into SEAT (SEAT_CODE,THEATER_NAME,SEAT_NUMBER,SEAT_IS_RESERVED) values (104,'2층 2관','C-3','N');
Insert into SEAT (SEAT_CODE,THEATER_NAME,SEAT_NUMBER,SEAT_IS_RESERVED) values (105,'3층 4관','C-3','N');
Insert into SEAT (SEAT_CODE,THEATER_NAME,SEAT_NUMBER,SEAT_IS_RESERVED) values (106,'2층 1관','C-4','N');
Insert into SEAT (SEAT_CODE,THEATER_NAME,SEAT_NUMBER,SEAT_IS_RESERVED) values (107,'2층 2관','C-4','N');
Insert into SEAT (SEAT_CODE,THEATER_NAME,SEAT_NUMBER,SEAT_IS_RESERVED) values (108,'3층 4관','C-4','N');
Insert into SEAT (SEAT_CODE,THEATER_NAME,SEAT_NUMBER,SEAT_IS_RESERVED) values (109,'2층 1관','C-5','N');
Insert into SEAT (SEAT_CODE,THEATER_NAME,SEAT_NUMBER,SEAT_IS_RESERVED) values (110,'2층 2관','C-5','N');
Insert into SEAT (SEAT_CODE,THEATER_NAME,SEAT_NUMBER,SEAT_IS_RESERVED) values (111,'3층 4관','C-5','N');
Insert into SEAT (SEAT_CODE,THEATER_NAME,SEAT_NUMBER,SEAT_IS_RESERVED) values (112,'2층 1관','C-6','N');
Insert into SEAT (SEAT_CODE,THEATER_NAME,SEAT_NUMBER,SEAT_IS_RESERVED) values (113,'2층 2관','C-6','N');
Insert into SEAT (SEAT_CODE,THEATER_NAME,SEAT_NUMBER,SEAT_IS_RESERVED) values (114,'3층 4관','C-6','N');
Insert into SEAT (SEAT_CODE,THEATER_NAME,SEAT_NUMBER,SEAT_IS_RESERVED) values (115,'2층 1관','C-7','N');
Insert into SEAT (SEAT_CODE,THEATER_NAME,SEAT_NUMBER,SEAT_IS_RESERVED) values (116,'2층 2관','C-7','N');
Insert into SEAT (SEAT_CODE,THEATER_NAME,SEAT_NUMBER,SEAT_IS_RESERVED) values (117,'3층 4관','C-7','N');
Insert into SEAT (SEAT_CODE,THEATER_NAME,SEAT_NUMBER,SEAT_IS_RESERVED) values (118,'2층 1관','C-8','N');
Insert into SEAT (SEAT_CODE,THEATER_NAME,SEAT_NUMBER,SEAT_IS_RESERVED) values (119,'2층 2관','C-8','N');
Insert into SEAT (SEAT_CODE,THEATER_NAME,SEAT_NUMBER,SEAT_IS_RESERVED) values (120,'3층 4관','C-8','N');
Insert into SEAT (SEAT_CODE,THEATER_NAME,SEAT_NUMBER,SEAT_IS_RESERVED) values (121,'2층 1관','C-9','N');
Insert into SEAT (SEAT_CODE,THEATER_NAME,SEAT_NUMBER,SEAT_IS_RESERVED) values (122,'2층 2관','C-9','N');
Insert into SEAT (SEAT_CODE,THEATER_NAME,SEAT_NUMBER,SEAT_IS_RESERVED) values (123,'3층 4관','C-9','N');
Insert into SEAT (SEAT_CODE,THEATER_NAME,SEAT_NUMBER,SEAT_IS_RESERVED) values (124,'2층 1관','C-10','N');
Insert into SEAT (SEAT_CODE,THEATER_NAME,SEAT_NUMBER,SEAT_IS_RESERVED) values (125,'2층 2관','C-10','N');
Insert into SEAT (SEAT_CODE,THEATER_NAME,SEAT_NUMBER,SEAT_IS_RESERVED) values (126,'3층 4관','C-10','N');
Insert into SEAT (SEAT_CODE,THEATER_NAME,SEAT_NUMBER,SEAT_IS_RESERVED) values (127,'2층 1관','C-11','N');
Insert into SEAT (SEAT_CODE,THEATER_NAME,SEAT_NUMBER,SEAT_IS_RESERVED) values (128,'2층 2관','C-11','N');
Insert into SEAT (SEAT_CODE,THEATER_NAME,SEAT_NUMBER,SEAT_IS_RESERVED) values (129,'3층 4관','C-11','N');
Insert into SEAT (SEAT_CODE,THEATER_NAME,SEAT_NUMBER,SEAT_IS_RESERVED) values (130,'2층 1관','C-12','N');
Insert into SEAT (SEAT_CODE,THEATER_NAME,SEAT_NUMBER,SEAT_IS_RESERVED) values (131,'2층 2관','C-12','N');
Insert into SEAT (SEAT_CODE,THEATER_NAME,SEAT_NUMBER,SEAT_IS_RESERVED) values (132,'3층 4관','C-12','N');
Insert into SEAT (SEAT_CODE,THEATER_NAME,SEAT_NUMBER,SEAT_IS_RESERVED) values (133,'2층 1관','C-13','N');
Insert into SEAT (SEAT_CODE,THEATER_NAME,SEAT_NUMBER,SEAT_IS_RESERVED) values (134,'2층 2관','C-13','N');
Insert into SEAT (SEAT_CODE,THEATER_NAME,SEAT_NUMBER,SEAT_IS_RESERVED) values (135,'3층 4관','C-13','N');
Insert into SEAT (SEAT_CODE,THEATER_NAME,SEAT_NUMBER,SEAT_IS_RESERVED) values (136,'2층 1관','C-14','N');
Insert into SEAT (SEAT_CODE,THEATER_NAME,SEAT_NUMBER,SEAT_IS_RESERVED) values (137,'2층 2관','C-14','N');
Insert into SEAT (SEAT_CODE,THEATER_NAME,SEAT_NUMBER,SEAT_IS_RESERVED) values (138,'3층 4관','C-14','N');
Insert into SEAT (SEAT_CODE,THEATER_NAME,SEAT_NUMBER,SEAT_IS_RESERVED) values (139,'2층 1관','C-15','N');
Insert into SEAT (SEAT_CODE,THEATER_NAME,SEAT_NUMBER,SEAT_IS_RESERVED) values (140,'2층 2관','C-15','N');
Insert into SEAT (SEAT_CODE,THEATER_NAME,SEAT_NUMBER,SEAT_IS_RESERVED) values (141,'3층 4관','C-15','N');
Insert into SEAT (SEAT_CODE,THEATER_NAME,SEAT_NUMBER,SEAT_IS_RESERVED) values (142,'2층 1관','C-16','N');
Insert into SEAT (SEAT_CODE,THEATER_NAME,SEAT_NUMBER,SEAT_IS_RESERVED) values (143,'2층 2관','C-16','N');
Insert into SEAT (SEAT_CODE,THEATER_NAME,SEAT_NUMBER,SEAT_IS_RESERVED) values (144,'3층 4관','C-16','N');
Insert into SEAT (SEAT_CODE,THEATER_NAME,SEAT_NUMBER,SEAT_IS_RESERVED) values (145,'2층 1관','D-1','N');
Insert into SEAT (SEAT_CODE,THEATER_NAME,SEAT_NUMBER,SEAT_IS_RESERVED) values (146,'2층 2관','D-1','N');
Insert into SEAT (SEAT_CODE,THEATER_NAME,SEAT_NUMBER,SEAT_IS_RESERVED) values (147,'3층 4관','D-1','N');
Insert into SEAT (SEAT_CODE,THEATER_NAME,SEAT_NUMBER,SEAT_IS_RESERVED) values (148,'2층 1관','D-2','N');
Insert into SEAT (SEAT_CODE,THEATER_NAME,SEAT_NUMBER,SEAT_IS_RESERVED) values (149,'2층 2관','D-2','N');
Insert into SEAT (SEAT_CODE,THEATER_NAME,SEAT_NUMBER,SEAT_IS_RESERVED) values (150,'3층 4관','D-2','N');
Insert into SEAT (SEAT_CODE,THEATER_NAME,SEAT_NUMBER,SEAT_IS_RESERVED) values (151,'2층 1관','D-3','N');
Insert into SEAT (SEAT_CODE,THEATER_NAME,SEAT_NUMBER,SEAT_IS_RESERVED) values (152,'2층 2관','D-3','N');
Insert into SEAT (SEAT_CODE,THEATER_NAME,SEAT_NUMBER,SEAT_IS_RESERVED) values (153,'3층 4관','D-3','N');
Insert into SEAT (SEAT_CODE,THEATER_NAME,SEAT_NUMBER,SEAT_IS_RESERVED) values (154,'2층 1관','D-4','N');
Insert into SEAT (SEAT_CODE,THEATER_NAME,SEAT_NUMBER,SEAT_IS_RESERVED) values (155,'2층 2관','D-4','N');
Insert into SEAT (SEAT_CODE,THEATER_NAME,SEAT_NUMBER,SEAT_IS_RESERVED) values (156,'3층 4관','D-4','N');
Insert into SEAT (SEAT_CODE,THEATER_NAME,SEAT_NUMBER,SEAT_IS_RESERVED) values (157,'2층 1관','D-5','N');
Insert into SEAT (SEAT_CODE,THEATER_NAME,SEAT_NUMBER,SEAT_IS_RESERVED) values (158,'2층 2관','D-5','N');
Insert into SEAT (SEAT_CODE,THEATER_NAME,SEAT_NUMBER,SEAT_IS_RESERVED) values (159,'3층 4관','D-5','N');
Insert into SEAT (SEAT_CODE,THEATER_NAME,SEAT_NUMBER,SEAT_IS_RESERVED) values (160,'2층 1관','D-6','N');
Insert into SEAT (SEAT_CODE,THEATER_NAME,SEAT_NUMBER,SEAT_IS_RESERVED) values (161,'2층 2관','D-6','N');
Insert into SEAT (SEAT_CODE,THEATER_NAME,SEAT_NUMBER,SEAT_IS_RESERVED) values (162,'3층 4관','D-6','N');
Insert into SEAT (SEAT_CODE,THEATER_NAME,SEAT_NUMBER,SEAT_IS_RESERVED) values (163,'2층 1관','D-7','N');
Insert into SEAT (SEAT_CODE,THEATER_NAME,SEAT_NUMBER,SEAT_IS_RESERVED) values (164,'2층 2관','D-7','N');
Insert into SEAT (SEAT_CODE,THEATER_NAME,SEAT_NUMBER,SEAT_IS_RESERVED) values (165,'3층 4관','D-7','N');
Insert into SEAT (SEAT_CODE,THEATER_NAME,SEAT_NUMBER,SEAT_IS_RESERVED) values (166,'2층 1관','D-8','N');
Insert into SEAT (SEAT_CODE,THEATER_NAME,SEAT_NUMBER,SEAT_IS_RESERVED) values (167,'2층 2관','D-8','N');
Insert into SEAT (SEAT_CODE,THEATER_NAME,SEAT_NUMBER,SEAT_IS_RESERVED) values (168,'3층 4관','D-8','N');
Insert into SEAT (SEAT_CODE,THEATER_NAME,SEAT_NUMBER,SEAT_IS_RESERVED) values (169,'2층 1관','D-9','N');
Insert into SEAT (SEAT_CODE,THEATER_NAME,SEAT_NUMBER,SEAT_IS_RESERVED) values (170,'2층 2관','D-9','N');
Insert into SEAT (SEAT_CODE,THEATER_NAME,SEAT_NUMBER,SEAT_IS_RESERVED) values (171,'3층 4관','D-9','N');
Insert into SEAT (SEAT_CODE,THEATER_NAME,SEAT_NUMBER,SEAT_IS_RESERVED) values (172,'2층 1관','D-10','N');
Insert into SEAT (SEAT_CODE,THEATER_NAME,SEAT_NUMBER,SEAT_IS_RESERVED) values (173,'2층 2관','D-10','N');
Insert into SEAT (SEAT_CODE,THEATER_NAME,SEAT_NUMBER,SEAT_IS_RESERVED) values (174,'3층 4관','D-10','N');
Insert into SEAT (SEAT_CODE,THEATER_NAME,SEAT_NUMBER,SEAT_IS_RESERVED) values (175,'2층 1관','D-11','N');
Insert into SEAT (SEAT_CODE,THEATER_NAME,SEAT_NUMBER,SEAT_IS_RESERVED) values (176,'2층 2관','D-11','N');
Insert into SEAT (SEAT_CODE,THEATER_NAME,SEAT_NUMBER,SEAT_IS_RESERVED) values (177,'3층 4관','D-11','N');
Insert into SEAT (SEAT_CODE,THEATER_NAME,SEAT_NUMBER,SEAT_IS_RESERVED) values (178,'2층 1관','D-12','N');
Insert into SEAT (SEAT_CODE,THEATER_NAME,SEAT_NUMBER,SEAT_IS_RESERVED) values (179,'2층 2관','D-12','N');
Insert into SEAT (SEAT_CODE,THEATER_NAME,SEAT_NUMBER,SEAT_IS_RESERVED) values (180,'3층 4관','D-12','N');
Insert into SEAT (SEAT_CODE,THEATER_NAME,SEAT_NUMBER,SEAT_IS_RESERVED) values (181,'2층 1관','D-13','N');
Insert into SEAT (SEAT_CODE,THEATER_NAME,SEAT_NUMBER,SEAT_IS_RESERVED) values (182,'2층 2관','D-13','N');
Insert into SEAT (SEAT_CODE,THEATER_NAME,SEAT_NUMBER,SEAT_IS_RESERVED) values (183,'3층 4관','D-13','N');
Insert into SEAT (SEAT_CODE,THEATER_NAME,SEAT_NUMBER,SEAT_IS_RESERVED) values (184,'2층 1관','D-14','N');
Insert into SEAT (SEAT_CODE,THEATER_NAME,SEAT_NUMBER,SEAT_IS_RESERVED) values (185,'2층 2관','D-14','N');
Insert into SEAT (SEAT_CODE,THEATER_NAME,SEAT_NUMBER,SEAT_IS_RESERVED) values (186,'3층 4관','D-14','N');
Insert into SEAT (SEAT_CODE,THEATER_NAME,SEAT_NUMBER,SEAT_IS_RESERVED) values (187,'2층 1관','D-15','N');
Insert into SEAT (SEAT_CODE,THEATER_NAME,SEAT_NUMBER,SEAT_IS_RESERVED) values (188,'2층 2관','D-15','N');
Insert into SEAT (SEAT_CODE,THEATER_NAME,SEAT_NUMBER,SEAT_IS_RESERVED) values (189,'3층 4관','D-15','N');
Insert into SEAT (SEAT_CODE,THEATER_NAME,SEAT_NUMBER,SEAT_IS_RESERVED) values (190,'2층 1관','D-16','N');
Insert into SEAT (SEAT_CODE,THEATER_NAME,SEAT_NUMBER,SEAT_IS_RESERVED) values (191,'2층 2관','D-16','N');
Insert into SEAT (SEAT_CODE,THEATER_NAME,SEAT_NUMBER,SEAT_IS_RESERVED) values (192,'3층 4관','D-16','N');
Insert into SEAT (SEAT_CODE,THEATER_NAME,SEAT_NUMBER,SEAT_IS_RESERVED) values (193,'2층 1관','E-1','N');
Insert into SEAT (SEAT_CODE,THEATER_NAME,SEAT_NUMBER,SEAT_IS_RESERVED) values (194,'2층 2관','E-1','N');
Insert into SEAT (SEAT_CODE,THEATER_NAME,SEAT_NUMBER,SEAT_IS_RESERVED) values (195,'3층 4관','E-1','N');
Insert into SEAT (SEAT_CODE,THEATER_NAME,SEAT_NUMBER,SEAT_IS_RESERVED) values (196,'2층 1관','E-2','N');
Insert into SEAT (SEAT_CODE,THEATER_NAME,SEAT_NUMBER,SEAT_IS_RESERVED) values (197,'2층 2관','E-2','N');
Insert into SEAT (SEAT_CODE,THEATER_NAME,SEAT_NUMBER,SEAT_IS_RESERVED) values (198,'3층 4관','E-2','N');
Insert into SEAT (SEAT_CODE,THEATER_NAME,SEAT_NUMBER,SEAT_IS_RESERVED) values (199,'2층 1관','E-3','N');
Insert into SEAT (SEAT_CODE,THEATER_NAME,SEAT_NUMBER,SEAT_IS_RESERVED) values (200,'2층 2관','E-3','N');
Insert into SEAT (SEAT_CODE,THEATER_NAME,SEAT_NUMBER,SEAT_IS_RESERVED) values (201,'3층 4관','E-3','N');
Insert into SEAT (SEAT_CODE,THEATER_NAME,SEAT_NUMBER,SEAT_IS_RESERVED) values (202,'2층 1관','E-4','N');
Insert into SEAT (SEAT_CODE,THEATER_NAME,SEAT_NUMBER,SEAT_IS_RESERVED) values (203,'2층 2관','E-4','N');
Insert into SEAT (SEAT_CODE,THEATER_NAME,SEAT_NUMBER,SEAT_IS_RESERVED) values (204,'3층 4관','E-4','N');
Insert into SEAT (SEAT_CODE,THEATER_NAME,SEAT_NUMBER,SEAT_IS_RESERVED) values (205,'2층 1관','E-5','N');
Insert into SEAT (SEAT_CODE,THEATER_NAME,SEAT_NUMBER,SEAT_IS_RESERVED) values (206,'2층 2관','E-5','N');
Insert into SEAT (SEAT_CODE,THEATER_NAME,SEAT_NUMBER,SEAT_IS_RESERVED) values (207,'3층 4관','E-5','N');
Insert into SEAT (SEAT_CODE,THEATER_NAME,SEAT_NUMBER,SEAT_IS_RESERVED) values (208,'2층 1관','E-6','N');
Insert into SEAT (SEAT_CODE,THEATER_NAME,SEAT_NUMBER,SEAT_IS_RESERVED) values (209,'2층 2관','E-6','N');
Insert into SEAT (SEAT_CODE,THEATER_NAME,SEAT_NUMBER,SEAT_IS_RESERVED) values (210,'3층 4관','E-6','N');
Insert into SEAT (SEAT_CODE,THEATER_NAME,SEAT_NUMBER,SEAT_IS_RESERVED) values (211,'2층 1관','E-7','N');
Insert into SEAT (SEAT_CODE,THEATER_NAME,SEAT_NUMBER,SEAT_IS_RESERVED) values (212,'2층 2관','E-7','N');
Insert into SEAT (SEAT_CODE,THEATER_NAME,SEAT_NUMBER,SEAT_IS_RESERVED) values (213,'3층 4관','E-7','N');
Insert into SEAT (SEAT_CODE,THEATER_NAME,SEAT_NUMBER,SEAT_IS_RESERVED) values (214,'2층 1관','E-8','N');
Insert into SEAT (SEAT_CODE,THEATER_NAME,SEAT_NUMBER,SEAT_IS_RESERVED) values (215,'2층 2관','E-8','N');
Insert into SEAT (SEAT_CODE,THEATER_NAME,SEAT_NUMBER,SEAT_IS_RESERVED) values (216,'3층 4관','E-8','N');
Insert into SEAT (SEAT_CODE,THEATER_NAME,SEAT_NUMBER,SEAT_IS_RESERVED) values (217,'2층 1관','E-9','N');
Insert into SEAT (SEAT_CODE,THEATER_NAME,SEAT_NUMBER,SEAT_IS_RESERVED) values (218,'2층 2관','E-9','N');
Insert into SEAT (SEAT_CODE,THEATER_NAME,SEAT_NUMBER,SEAT_IS_RESERVED) values (219,'3층 4관','E-9','N');
Insert into SEAT (SEAT_CODE,THEATER_NAME,SEAT_NUMBER,SEAT_IS_RESERVED) values (220,'2층 1관','E-10','N');
Insert into SEAT (SEAT_CODE,THEATER_NAME,SEAT_NUMBER,SEAT_IS_RESERVED) values (221,'2층 2관','E-10','N');
Insert into SEAT (SEAT_CODE,THEATER_NAME,SEAT_NUMBER,SEAT_IS_RESERVED) values (222,'3층 4관','E-10','N');
Insert into SEAT (SEAT_CODE,THEATER_NAME,SEAT_NUMBER,SEAT_IS_RESERVED) values (223,'2층 1관','E-11','N');
Insert into SEAT (SEAT_CODE,THEATER_NAME,SEAT_NUMBER,SEAT_IS_RESERVED) values (224,'2층 2관','E-11','N');
Insert into SEAT (SEAT_CODE,THEATER_NAME,SEAT_NUMBER,SEAT_IS_RESERVED) values (225,'3층 4관','E-11','N');
Insert into SEAT (SEAT_CODE,THEATER_NAME,SEAT_NUMBER,SEAT_IS_RESERVED) values (226,'2층 1관','E-12','N');
Insert into SEAT (SEAT_CODE,THEATER_NAME,SEAT_NUMBER,SEAT_IS_RESERVED) values (227,'2층 2관','E-12','N');
Insert into SEAT (SEAT_CODE,THEATER_NAME,SEAT_NUMBER,SEAT_IS_RESERVED) values (228,'3층 4관','E-12','N');
Insert into SEAT (SEAT_CODE,THEATER_NAME,SEAT_NUMBER,SEAT_IS_RESERVED) values (229,'2층 1관','E-13','N');
Insert into SEAT (SEAT_CODE,THEATER_NAME,SEAT_NUMBER,SEAT_IS_RESERVED) values (230,'2층 2관','E-13','N');
Insert into SEAT (SEAT_CODE,THEATER_NAME,SEAT_NUMBER,SEAT_IS_RESERVED) values (231,'3층 4관','E-13','N');
Insert into SEAT (SEAT_CODE,THEATER_NAME,SEAT_NUMBER,SEAT_IS_RESERVED) values (232,'2층 1관','E-14','N');
Insert into SEAT (SEAT_CODE,THEATER_NAME,SEAT_NUMBER,SEAT_IS_RESERVED) values (233,'2층 2관','E-14','N');
Insert into SEAT (SEAT_CODE,THEATER_NAME,SEAT_NUMBER,SEAT_IS_RESERVED) values (234,'3층 4관','E-14','N');
Insert into SEAT (SEAT_CODE,THEATER_NAME,SEAT_NUMBER,SEAT_IS_RESERVED) values (235,'2층 1관','E-15','N');
Insert into SEAT (SEAT_CODE,THEATER_NAME,SEAT_NUMBER,SEAT_IS_RESERVED) values (236,'2층 2관','E-15','N');
Insert into SEAT (SEAT_CODE,THEATER_NAME,SEAT_NUMBER,SEAT_IS_RESERVED) values (237,'3층 4관','E-15','N');
Insert into SEAT (SEAT_CODE,THEATER_NAME,SEAT_NUMBER,SEAT_IS_RESERVED) values (238,'2층 1관','E-16','N');
Insert into SEAT (SEAT_CODE,THEATER_NAME,SEAT_NUMBER,SEAT_IS_RESERVED) values (239,'2층 2관','E-16','N');
Insert into SEAT (SEAT_CODE,THEATER_NAME,SEAT_NUMBER,SEAT_IS_RESERVED) values (240,'3층 4관','E-16','N');
Insert into SEAT (SEAT_CODE,THEATER_NAME,SEAT_NUMBER,SEAT_IS_RESERVED) values (241,'2층 1관','F-1','N');
Insert into SEAT (SEAT_CODE,THEATER_NAME,SEAT_NUMBER,SEAT_IS_RESERVED) values (242,'2층 2관','F-1','N');
Insert into SEAT (SEAT_CODE,THEATER_NAME,SEAT_NUMBER,SEAT_IS_RESERVED) values (243,'3층 4관','F-1','N');
Insert into SEAT (SEAT_CODE,THEATER_NAME,SEAT_NUMBER,SEAT_IS_RESERVED) values (244,'2층 1관','F-2','N');
Insert into SEAT (SEAT_CODE,THEATER_NAME,SEAT_NUMBER,SEAT_IS_RESERVED) values (245,'2층 2관','F-2','N');
Insert into SEAT (SEAT_CODE,THEATER_NAME,SEAT_NUMBER,SEAT_IS_RESERVED) values (246,'3층 4관','F-2','N');
Insert into SEAT (SEAT_CODE,THEATER_NAME,SEAT_NUMBER,SEAT_IS_RESERVED) values (247,'2층 1관','F-3','N');
Insert into SEAT (SEAT_CODE,THEATER_NAME,SEAT_NUMBER,SEAT_IS_RESERVED) values (248,'2층 2관','F-3','N');
Insert into SEAT (SEAT_CODE,THEATER_NAME,SEAT_NUMBER,SEAT_IS_RESERVED) values (249,'3층 4관','F-3','N');
Insert into SEAT (SEAT_CODE,THEATER_NAME,SEAT_NUMBER,SEAT_IS_RESERVED) values (250,'2층 1관','F-4','N');
Insert into SEAT (SEAT_CODE,THEATER_NAME,SEAT_NUMBER,SEAT_IS_RESERVED) values (251,'2층 2관','F-4','N');
Insert into SEAT (SEAT_CODE,THEATER_NAME,SEAT_NUMBER,SEAT_IS_RESERVED) values (252,'3층 4관','F-4','N');
Insert into SEAT (SEAT_CODE,THEATER_NAME,SEAT_NUMBER,SEAT_IS_RESERVED) values (253,'2층 1관','F-5','N');
Insert into SEAT (SEAT_CODE,THEATER_NAME,SEAT_NUMBER,SEAT_IS_RESERVED) values (254,'2층 2관','F-5','N');
Insert into SEAT (SEAT_CODE,THEATER_NAME,SEAT_NUMBER,SEAT_IS_RESERVED) values (255,'3층 4관','F-5','N');
Insert into SEAT (SEAT_CODE,THEATER_NAME,SEAT_NUMBER,SEAT_IS_RESERVED) values (256,'2층 1관','F-6','N');
Insert into SEAT (SEAT_CODE,THEATER_NAME,SEAT_NUMBER,SEAT_IS_RESERVED) values (257,'2층 2관','F-6','N');
Insert into SEAT (SEAT_CODE,THEATER_NAME,SEAT_NUMBER,SEAT_IS_RESERVED) values (258,'3층 4관','F-6','N');
Insert into SEAT (SEAT_CODE,THEATER_NAME,SEAT_NUMBER,SEAT_IS_RESERVED) values (259,'2층 1관','F-7','N');
Insert into SEAT (SEAT_CODE,THEATER_NAME,SEAT_NUMBER,SEAT_IS_RESERVED) values (260,'2층 2관','F-7','N');
Insert into SEAT (SEAT_CODE,THEATER_NAME,SEAT_NUMBER,SEAT_IS_RESERVED) values (261,'3층 4관','F-7','N');
Insert into SEAT (SEAT_CODE,THEATER_NAME,SEAT_NUMBER,SEAT_IS_RESERVED) values (262,'2층 1관','F-8','N');
Insert into SEAT (SEAT_CODE,THEATER_NAME,SEAT_NUMBER,SEAT_IS_RESERVED) values (263,'2층 2관','F-8','N');
Insert into SEAT (SEAT_CODE,THEATER_NAME,SEAT_NUMBER,SEAT_IS_RESERVED) values (264,'3층 4관','F-8','N');
Insert into SEAT (SEAT_CODE,THEATER_NAME,SEAT_NUMBER,SEAT_IS_RESERVED) values (265,'2층 1관','F-9','N');
Insert into SEAT (SEAT_CODE,THEATER_NAME,SEAT_NUMBER,SEAT_IS_RESERVED) values (266,'2층 2관','F-9','N');
Insert into SEAT (SEAT_CODE,THEATER_NAME,SEAT_NUMBER,SEAT_IS_RESERVED) values (267,'3층 4관','F-9','N');
Insert into SEAT (SEAT_CODE,THEATER_NAME,SEAT_NUMBER,SEAT_IS_RESERVED) values (268,'2층 1관','F-10','N');
Insert into SEAT (SEAT_CODE,THEATER_NAME,SEAT_NUMBER,SEAT_IS_RESERVED) values (269,'2층 2관','F-10','N');
Insert into SEAT (SEAT_CODE,THEATER_NAME,SEAT_NUMBER,SEAT_IS_RESERVED) values (270,'3층 4관','F-10','N');
Insert into SEAT (SEAT_CODE,THEATER_NAME,SEAT_NUMBER,SEAT_IS_RESERVED) values (271,'2층 1관','F-11','N');
Insert into SEAT (SEAT_CODE,THEATER_NAME,SEAT_NUMBER,SEAT_IS_RESERVED) values (272,'2층 2관','F-11','N');
Insert into SEAT (SEAT_CODE,THEATER_NAME,SEAT_NUMBER,SEAT_IS_RESERVED) values (273,'3층 4관','F-11','N');
Insert into SEAT (SEAT_CODE,THEATER_NAME,SEAT_NUMBER,SEAT_IS_RESERVED) values (274,'2층 1관','F-12','N');
Insert into SEAT (SEAT_CODE,THEATER_NAME,SEAT_NUMBER,SEAT_IS_RESERVED) values (275,'2층 2관','F-12','N');
Insert into SEAT (SEAT_CODE,THEATER_NAME,SEAT_NUMBER,SEAT_IS_RESERVED) values (276,'3층 4관','F-12','N');
Insert into SEAT (SEAT_CODE,THEATER_NAME,SEAT_NUMBER,SEAT_IS_RESERVED) values (277,'2층 1관','F-13','N');
Insert into SEAT (SEAT_CODE,THEATER_NAME,SEAT_NUMBER,SEAT_IS_RESERVED) values (278,'2층 2관','F-13','N');
Insert into SEAT (SEAT_CODE,THEATER_NAME,SEAT_NUMBER,SEAT_IS_RESERVED) values (279,'3층 4관','F-13','N');
Insert into SEAT (SEAT_CODE,THEATER_NAME,SEAT_NUMBER,SEAT_IS_RESERVED) values (280,'2층 1관','F-14','N');
Insert into SEAT (SEAT_CODE,THEATER_NAME,SEAT_NUMBER,SEAT_IS_RESERVED) values (281,'2층 2관','F-14','N');
Insert into SEAT (SEAT_CODE,THEATER_NAME,SEAT_NUMBER,SEAT_IS_RESERVED) values (282,'3층 4관','F-14','N');
Insert into SEAT (SEAT_CODE,THEATER_NAME,SEAT_NUMBER,SEAT_IS_RESERVED) values (283,'2층 1관','F-15','N');
Insert into SEAT (SEAT_CODE,THEATER_NAME,SEAT_NUMBER,SEAT_IS_RESERVED) values (284,'2층 2관','F-15','N');
Insert into SEAT (SEAT_CODE,THEATER_NAME,SEAT_NUMBER,SEAT_IS_RESERVED) values (285,'3층 4관','F-15','N');
Insert into SEAT (SEAT_CODE,THEATER_NAME,SEAT_NUMBER,SEAT_IS_RESERVED) values (286,'2층 1관','F-16','N');
Insert into SEAT (SEAT_CODE,THEATER_NAME,SEAT_NUMBER,SEAT_IS_RESERVED) values (287,'2층 2관','F-16','N');
Insert into SEAT (SEAT_CODE,THEATER_NAME,SEAT_NUMBER,SEAT_IS_RESERVED) values (288,'3층 4관','F-16','N');
Insert into SEAT (SEAT_CODE,THEATER_NAME,SEAT_NUMBER,SEAT_IS_RESERVED) values (289,'2층 1관','G-1','N');
REM INSERTING into SHOWING
SET DEFINE OFF;
Insert into SHOWING (SHOWING_CODE,MOVIE_TITLE,SHOWING_DATE_TIME,THEATER_NAME) values (1,'movie1',to_date('18/12/11','RR/MM/DD'),'2층 1관');
Insert into SHOWING (SHOWING_CODE,MOVIE_TITLE,SHOWING_DATE_TIME,THEATER_NAME) values (2,'movie1',to_date('18/12/11','RR/MM/DD'),'2층 3관');
Insert into SHOWING (SHOWING_CODE,MOVIE_TITLE,SHOWING_DATE_TIME,THEATER_NAME) values (3,'movie1',to_date('18/12/12','RR/MM/DD'),'3층 4관');
Insert into SHOWING (SHOWING_CODE,MOVIE_TITLE,SHOWING_DATE_TIME,THEATER_NAME) values (4,'movie2',to_date('18/12/11','RR/MM/DD'),'2층 2관');
Insert into SHOWING (SHOWING_CODE,MOVIE_TITLE,SHOWING_DATE_TIME,THEATER_NAME) values (5,'movie2',to_date('18/12/13','RR/MM/DD'),'2층 3관');
Insert into SHOWING (SHOWING_CODE,MOVIE_TITLE,SHOWING_DATE_TIME,THEATER_NAME) values (6,'movie3',to_date('18/12/11','RR/MM/DD'),'3층 5관');
Insert into SHOWING (SHOWING_CODE,MOVIE_TITLE,SHOWING_DATE_TIME,THEATER_NAME) values (7,'movie4',to_date('18/12/12','RR/MM/DD'),'3층 5관');
REM INSERTING into THEATER
SET DEFINE OFF;
Insert into THEATER (THEATER_NAME,THEATER_SEATING_CHART_TYPE) values ('2층 1관',1);
Insert into THEATER (THEATER_NAME,THEATER_SEATING_CHART_TYPE) values ('2층 2관',1);
Insert into THEATER (THEATER_NAME,THEATER_SEATING_CHART_TYPE) values ('2층 3관',2);
Insert into THEATER (THEATER_NAME,THEATER_SEATING_CHART_TYPE) values ('3층 4관',1);
Insert into THEATER (THEATER_NAME,THEATER_SEATING_CHART_TYPE) values ('3층 5관',3);
REM INSERTING into TICKET
SET DEFINE OFF;
Insert into TICKET (TICKET_CODE,PAYMENT_CODE,SHOWING_CODE,SEAT_CODE,TICKET_PRICE) values (1,1,1,1,9000);
Insert into TICKET (TICKET_CODE,PAYMENT_CODE,SHOWING_CODE,SEAT_CODE,TICKET_PRICE) values (2,1,1,4,9000);
Insert into TICKET (TICKET_CODE,PAYMENT_CODE,SHOWING_CODE,SEAT_CODE,TICKET_PRICE) values (3,1,1,7,9000);
Insert into TICKET (TICKET_CODE,PAYMENT_CODE,SHOWING_CODE,SEAT_CODE,TICKET_PRICE) values (4,1,1,10,9000);
Insert into TICKET (TICKET_CODE,PAYMENT_CODE,SHOWING_CODE,SEAT_CODE,TICKET_PRICE) values (5,2,2,2,9000);
Insert into TICKET (TICKET_CODE,PAYMENT_CODE,SHOWING_CODE,SEAT_CODE,TICKET_PRICE) values (6,2,2,5,9000);
Insert into TICKET (TICKET_CODE,PAYMENT_CODE,SHOWING_CODE,SEAT_CODE,TICKET_PRICE) values (7,2,2,8,9000);
Insert into TICKET (TICKET_CODE,PAYMENT_CODE,SHOWING_CODE,SEAT_CODE,TICKET_PRICE) values (8,3,3,577,9000);
Insert into TICKET (TICKET_CODE,PAYMENT_CODE,SHOWING_CODE,SEAT_CODE,TICKET_PRICE) values (9,3,3,578,9000);
Insert into TICKET (TICKET_CODE,PAYMENT_CODE,SHOWING_CODE,SEAT_CODE,TICKET_PRICE) values (10,3,3,579,9000);
Insert into TICKET (TICKET_CODE,PAYMENT_CODE,SHOWING_CODE,SEAT_CODE,TICKET_PRICE) values (11,3,3,580,9000);
Insert into TICKET (TICKET_CODE,PAYMENT_CODE,SHOWING_CODE,SEAT_CODE,TICKET_PRICE) values (12,4,4,3,9000);
Insert into TICKET (TICKET_CODE,PAYMENT_CODE,SHOWING_CODE,SEAT_CODE,TICKET_PRICE) values (13,4,4,6,9000);
Insert into TICKET (TICKET_CODE,PAYMENT_CODE,SHOWING_CODE,SEAT_CODE,TICKET_PRICE) values (14,4,4,9,9000);
Insert into TICKET (TICKET_CODE,PAYMENT_CODE,SHOWING_CODE,SEAT_CODE,TICKET_PRICE) values (15,4,4,12,9000);
Insert into TICKET (TICKET_CODE,PAYMENT_CODE,SHOWING_CODE,SEAT_CODE,TICKET_PRICE) values (16,5,5,1,9000);
Insert into TICKET (TICKET_CODE,PAYMENT_CODE,SHOWING_CODE,SEAT_CODE,TICKET_PRICE) values (17,5,5,2,9000);
Insert into TICKET (TICKET_CODE,PAYMENT_CODE,SHOWING_CODE,SEAT_CODE,TICKET_PRICE) values (18,5,5,3,9000);
Insert into TICKET (TICKET_CODE,PAYMENT_CODE,SHOWING_CODE,SEAT_CODE,TICKET_PRICE) values (19,5,5,4,9000);
Insert into TICKET (TICKET_CODE,PAYMENT_CODE,SHOWING_CODE,SEAT_CODE,TICKET_PRICE) values (20,6,6,685,9000);
Insert into TICKET (TICKET_CODE,PAYMENT_CODE,SHOWING_CODE,SEAT_CODE,TICKET_PRICE) values (21,6,6,686,9000);
Insert into TICKET (TICKET_CODE,PAYMENT_CODE,SHOWING_CODE,SEAT_CODE,TICKET_PRICE) values (22,6,7,687,9000);
Insert into TICKET (TICKET_CODE,PAYMENT_CODE,SHOWING_CODE,SEAT_CODE,TICKET_PRICE) values (23,6,7,688,9000);
--------------------------------------------------------
--  DDL for Index SYS_C007796
--------------------------------------------------------

  CREATE UNIQUE INDEX "SYS_C007796" ON "ACCOUNT" ("ACCOUNT_ID");
--------------------------------------------------------
--  DDL for Index SYS_C007116
--------------------------------------------------------

  CREATE UNIQUE INDEX "SYS_C007116" ON "CUSTOMER" ("ID");
--------------------------------------------------------
--  DDL for Index SYS_C007806
--------------------------------------------------------

  CREATE UNIQUE INDEX "SYS_C007806" ON "MOVIE" ("MOVIE_TITLE");
--------------------------------------------------------
--  DDL for Index SYS_C007801
--------------------------------------------------------

  CREATE UNIQUE INDEX "SYS_C007801" ON "PAYMENT" ("PAYMENT_CODE");
--------------------------------------------------------
--  DDL for Index SYS_C007819
--------------------------------------------------------

  CREATE UNIQUE INDEX "SYS_C007819" ON "SEAT" ("SEAT_CODE");
--------------------------------------------------------
--  DDL for Index SYS_C007812
--------------------------------------------------------

  CREATE UNIQUE INDEX "SYS_C007812" ON "SHOWING" ("SHOWING_CODE");
--------------------------------------------------------
--  DDL for Index SYS_C007808
--------------------------------------------------------

  CREATE UNIQUE INDEX "SYS_C007808" ON "THEATER" ("THEATER_NAME");
--------------------------------------------------------
--  DDL for Index SYS_C007825
--------------------------------------------------------

  CREATE UNIQUE INDEX "SYS_C007825" ON "TICKET" ("TICKET_CODE");
--------------------------------------------------------
--  Constraints for Table ACCOUNT
--------------------------------------------------------

  ALTER TABLE "ACCOUNT" ADD PRIMARY KEY ("ACCOUNT_ID") ENABLE;
  ALTER TABLE "ACCOUNT" ADD CHECK (account_is_admin in ('Y', 'N')) ENABLE;
  ALTER TABLE "ACCOUNT" MODIFY ("ACCOUNT_IS_ADMIN" NOT NULL ENABLE);
  ALTER TABLE "ACCOUNT" MODIFY ("ACCOUNT_TEL" NOT NULL ENABLE);
  ALTER TABLE "ACCOUNT" MODIFY ("ACCOUNT_NAME" NOT NULL ENABLE);
  ALTER TABLE "ACCOUNT" MODIFY ("ACCOUNT_PW" NOT NULL ENABLE);
--------------------------------------------------------
--  Constraints for Table CUSTOMER
--------------------------------------------------------

  ALTER TABLE "CUSTOMER" ADD PRIMARY KEY ("ID") ENABLE;
--------------------------------------------------------
--  Constraints for Table MOVIE
--------------------------------------------------------

  ALTER TABLE "MOVIE" ADD PRIMARY KEY ("MOVIE_TITLE") ENABLE;
  ALTER TABLE "MOVIE" MODIFY ("MOVIE_CLOSE_DATE" NOT NULL ENABLE);
  ALTER TABLE "MOVIE" MODIFY ("MOVIE_OPEN_DATE" NOT NULL ENABLE);
  ALTER TABLE "MOVIE" MODIFY ("MOVIE_RATING" NOT NULL ENABLE);
--------------------------------------------------------
--  Constraints for Table PAYMENT
--------------------------------------------------------

  ALTER TABLE "PAYMENT" ADD PRIMARY KEY ("PAYMENT_CODE") ENABLE;
  ALTER TABLE "PAYMENT" MODIFY ("PAYMENT_USED_MILEAGE" NOT NULL ENABLE);
  ALTER TABLE "PAYMENT" MODIFY ("PAYMENT_METHOD" NOT NULL ENABLE);
  ALTER TABLE "PAYMENT" MODIFY ("PAYMENT_DATE_TIME" NOT NULL ENABLE);
  ALTER TABLE "PAYMENT" MODIFY ("ACCOUNT_ID" NOT NULL ENABLE);
--------------------------------------------------------
--  Constraints for Table SEAT
--------------------------------------------------------

  ALTER TABLE "SEAT" ADD PRIMARY KEY ("SEAT_CODE") ENABLE;
  ALTER TABLE "SEAT" ADD CHECK (seat_is_reserved IN ('Y', 'N')) ENABLE;
  ALTER TABLE "SEAT" MODIFY ("SEAT_IS_RESERVED" NOT NULL ENABLE);
  ALTER TABLE "SEAT" MODIFY ("SEAT_NUMBER" NOT NULL ENABLE);
  ALTER TABLE "SEAT" MODIFY ("THEATER_NAME" NOT NULL ENABLE);
--------------------------------------------------------
--  Constraints for Table SHOWING
--------------------------------------------------------

  ALTER TABLE "SHOWING" ADD PRIMARY KEY ("SHOWING_CODE") ENABLE;
  ALTER TABLE "SHOWING" MODIFY ("THEATER_NAME" NOT NULL ENABLE);
  ALTER TABLE "SHOWING" MODIFY ("SHOWING_DATE_TIME" NOT NULL ENABLE);
  ALTER TABLE "SHOWING" MODIFY ("MOVIE_TITLE" NOT NULL ENABLE);
--------------------------------------------------------
--  Constraints for Table THEATER
--------------------------------------------------------

  ALTER TABLE "THEATER" ADD PRIMARY KEY ("THEATER_NAME") ENABLE;
  ALTER TABLE "THEATER" MODIFY ("THEATER_SEATING_CHART_TYPE" NOT NULL ENABLE);
--------------------------------------------------------
--  Constraints for Table TICKET
--------------------------------------------------------

  ALTER TABLE "TICKET" ADD PRIMARY KEY ("TICKET_CODE") ENABLE;
  ALTER TABLE "TICKET" MODIFY ("TICKET_PRICE" NOT NULL ENABLE);
  ALTER TABLE "TICKET" MODIFY ("SEAT_CODE" NOT NULL ENABLE);
  ALTER TABLE "TICKET" MODIFY ("SHOWING_CODE" NOT NULL ENABLE);
  ALTER TABLE "TICKET" MODIFY ("PAYMENT_CODE" NOT NULL ENABLE);
